PassengerID,Name,Age,Gender,TrainNo,Source,Destination,Class,TicketPrice,BookingDate,TravelDate,PaymentMode,BookingStatus
1,Ankit,36,Male,12142,Mumbai,Pune,SL,2568,2024-02-27,2024-02-29,Cash,Confirmed
2,Priya,34,Male,12574,Varanasi,Pune,1A,1052,2024-01-16,2024-01-22,Cash,Cancelled
3,Amit,25,Female,12348,Lucknow,Patna,3A,3277,2024-05-22,2024-07-13,NetBanking,Confirmed
4,Rahul,50,Female,12618,Lucknow,Delhi,1A,2346,2024-02-17,2024-03-13,UPI,WL
5,Ankit,51,Male,12721,Mumbai,Delhi,3A,3316,2024-02-10,2024-03-17,NetBanking,Confirmed
6,Rahul,53,Female,12464,Kolkata,Patna,2A,1605,2024-04-29,2024-06-24,Card,Cancelled
7,Rahul,26,Male,12167,Bangalore,Chennai,2A,2771,2024-05-16,2024-06-30,Card,Cancelled
8,Amit,34,Male,12824,Kolkata,Chennai,2A,421,2024-06-15,2024-08-08,Card,Cancelled
9,Suman,55,Female,12146,Lucknow,Patna,3A,3201,2024-06-10,2024-06-24,NetBanking,Cancelled
10,Sneha,56,Female,12224,Patna,Pune,1A,522,2024-10-26,2024-11-23,UPI,Confirmed
11,Neha,59,Male,12394,Chennai,Jaipur,1A,2317,2024-03-19,2024-04-29,NetBanking,Cancelled
12,Rahul,73,Female,12787,Kolkata,Mumbai,2A,1930,2024-01-06,2024-02-19,Card,WL
13,Ankit,69,Male,12519,Mumbai,Lucknow,3A,776,2024-01-02,2024-02-18,NetBanking,Confirmed
14,Karan,5,Female,12500,Delhi,Mumbai,2A,3454,2024-10-03,2024-11-22,NetBanking,Confirmed
15,Sneha,15,Male,12749,Bangalore,Mumbai,3A,675,2024-01-30,2024-02-15,Cash,Cancelled
16,Karan,59,Male,12951,Pune,Varanasi,2A,1784,2024-03-25,2024-04-11,NetBanking,WL
17,Rahul,36,Male,12065,Kolkata,Delhi,3A,2560,2024-09-21,2024-10-20,Card,Confirmed
18,Amit,34,Male,12927,Delhi,Kolkata,SL,2255,2024-02-06,2024-03-23,Card,WL
19,Karan,21,Female,12248,Bangalore,Chennai,3A,536,2024-09-05,2024-09-19,UPI,Cancelled
20,Ravi,57,Female,12884,Delhi,Mumbai,SL,1799,2024-08-08,2024-08-31,NetBanking,Confirmed
21,Priya,73,Female,12143,Chennai,Patna,2A,2044,2024-05-07,2024-05-20,Card,Confirmed
22,Karan,17,Male,12667,Pune,Delhi,SL,3236,2024-08-14,2024-10-05,Card,Confirmed
23,Suman,32,Female,12924,Delhi,Patna,1A,158,2024-07-27,2024-08-28,Cash,WL
24,Ravi,76,Female,12158,Varanasi,Lucknow,3A,389,2024-08-20,2024-09-08,UPI,Cancelled
25,Amit,79,Female,12514,Pune,Patna,SL,2230,2024-06-09,2024-06-13,UPI,Confirmed
26,Rahul,35,Female,12122,Jaipur,Varanasi,SL,2686,2024-02-05,2024-03-15,UPI,WL
27,Karan,45,Female,12209,Kolkata,Varanasi,2A,1771,2024-10-25,2024-12-01,Card,Cancelled
28,Pooja,14,Male,12469,Jaipur,Jaipur,SL,450,2024-06-02,2024-07-02,Card,Cancelled
29,Pooja,13,Male,12378,Lucknow,Patna,1A,2375,2024-05-15,2024-05-24,NetBanking,Cancelled
30,Karan,43,Male,12961,Patna,Lucknow,SL,588,2024-09-27,2024-09-28,Card,WL
31,Priya,48,Male,12703,Lucknow,Pune,1A,1178,2024-05-24,2024-07-02,UPI,Confirmed
32,Ankit,10,Male,12341,Patna,Lucknow,3A,3186,2024-08-04,2024-09-27,Cash,Cancelled
33,Amit,19,Male,12967,Patna,Pune,SL,1662,2024-08-06,2024-09-11,Card,WL
34,Ankit,51,Male,12920,Kolkata,Varanasi,3A,2881,2024-03-06,2024-03-09,UPI,WL
35,Ravi,24,Male,12885,Patna,Patna,1A,251,2024-10-13,2024-12-09,Card,Cancelled
36,Ravi,36,Female,12163,Mumbai,Chennai,SL,2077,2024-06-19,2024-08-09,Card,Confirmed
37,Ankit,34,Male,12024,Varanasi,Chennai,2A,1291,2024-08-23,2024-09-15,UPI,WL
38,Karan,56,Female,12961,Delhi,Mumbai,2A,881,2024-06-28,2024-08-09,NetBanking,Confirmed
39,Ravi,49,Female,12446,Jaipur,Pune,SL,1727,2024-02-25,2024-04-04,Card,WL
40,Ravi,5,Male,12372,Chennai,Mumbai,2A,2702,2024-01-23,2024-03-09,NetBanking,Cancelled
41,Ankit,69,Female,12682,Chennai,Kolkata,1A,3005,2024-03-04,2024-04-20,NetBanking,Cancelled
42,Ravi,53,Male,12630,Jaipur,Lucknow,1A,2394,2024-03-06,2024-03-19,UPI,WL
43,Ravi,79,Female,12476,Bangalore,Bangalore,3A,2243,2024-05-26,2024-06-09,Cash,Cancelled
44,Rahul,41,Female,12095,Varanasi,Lucknow,3A,3453,2024-03-27,2024-05-09,Card,Confirmed
45,Priya,65,Male,12466,Chennai,Jaipur,3A,3092,2024-01-13,2024-01-16,Cash,WL
46,Neha,5,Male,12797,Chennai,Varanasi,3A,3443,2024-07-23,2024-08-08,Cash,Confirmed
47,Rahul,63,Male,12820,Bangalore,Pune,2A,3243,2024-10-12,2024-10-28,Cash,Cancelled
48,Karan,62,Male,12761,Bangalore,Bangalore,2A,3229,2024-09-15,2024-10-13,Card,Cancelled
49,Karan,67,Male,12281,Bangalore,Mumbai,2A,1110,2024-05-21,2024-07-10,NetBanking,WL
50,Karan,15,Male,12154,Varanasi,Chennai,3A,3043,2024-06-12,2024-08-09,Card,Confirmed
51,Pooja,74,Female,12425,Delhi,Varanasi,1A,1745,2024-07-31,2024-08-27,UPI,Cancelled
52,Amit,50,Female,12771,Chennai,Chennai,3A,2149,2024-07-13,2024-08-13,Card,WL
53,Amit,54,Female,12684,Chennai,Patna,1A,672,2024-08-11,2024-09-12,UPI,WL
54,Amit,15,Female,12138,Bangalore,Patna,SL,1215,2024-10-15,2024-11-27,Cash,WL
55,Pooja,48,Female,12284,Chennai,Lucknow,SL,2076,2024-04-18,2024-05-18,UPI,Cancelled
56,Pooja,33,Male,12799,Delhi,Delhi,3A,966,2024-10-03,2024-10-07,UPI,Cancelled
57,Neha,65,Male,12577,Varanasi,Bangalore,2A,3291,2024-03-19,2024-04-04,NetBanking,Confirmed
58,Neha,44,Male,12592,Delhi,Lucknow,1A,1774,2024-02-28,2024-04-18,Card,Confirmed
59,Ankit,20,Male,12355,Pune,Chennai,2A,432,2024-05-04,2024-05-11,NetBanking,Confirmed
60,Suman,18,Female,12983,Kolkata,Bangalore,3A,1933,2024-08-03,2024-09-25,Card,Cancelled
61,Ankit,73,Female,12476,Chennai,Jaipur,2A,1470,2024-09-24,2024-11-05,Card,Confirmed
62,Suman,36,Female,12583,Jaipur,Chennai,2A,267,2024-05-22,2024-07-18,Cash,WL
63,Priya,50,Female,12348,Lucknow,Jaipur,2A,2426,2024-04-03,2024-05-05,UPI,Cancelled
64,Priya,57,Female,12568,Varanasi,Bangalore,1A,1985,2024-04-07,2024-04-13,UPI,Confirmed
65,Ravi,36,Female,12679,Jaipur,Kolkata,1A,2417,2024-05-30,2024-06-14,NetBanking,WL
66,Pooja,63,Female,12313,Lucknow,Varanasi,SL,3104,2024-10-08,2024-10-30,Card,WL
67,Karan,28,Male,12221,Bangalore,Lucknow,2A,561,2024-03-02,2024-04-19,Card,WL
68,Neha,43,Male,12725,Pune,Patna,2A,336,2024-04-26,2024-05-20,UPI,Cancelled
69,Neha,67,Male,12893,Delhi,Jaipur,2A,2072,2024-05-29,2024-07-13,Cash,WL
70,Amit,37,Female,12116,Mumbai,Chennai,1A,453,2024-06-23,2024-07-05,UPI,Confirmed
71,Sneha,43,Male,12254,Mumbai,Pune,1A,2633,2024-03-17,2024-05-08,Card,Cancelled
72,Suman,43,Female,12312,Jaipur,Jaipur,SL,2647,2024-07-13,2024-08-11,UPI,Confirmed
73,Rahul,25,Male,12177,Pune,Mumbai,3A,160,2024-04-18,2024-05-05,Cash,WL
74,Amit,34,Female,12723,Lucknow,Bangalore,SL,2965,2024-08-28,2024-09-16,Card,WL
75,Rahul,74,Male,12663,Patna,Lucknow,3A,442,2024-04-11,2024-05-09,UPI,Confirmed
76,Sneha,41,Female,12127,Bangalore,Lucknow,1A,1265,2024-06-06,2024-07-15,Cash,WL
77,Amit,60,Female,12618,Lucknow,Delhi,SL,1087,2024-02-11,2024-03-21,UPI,Cancelled
78,Amit,27,Female,12531,Bangalore,Lucknow,3A,2547,2024-05-17,2024-06-23,Cash,Cancelled
79,Suman,49,Female,12341,Kolkata,Mumbai,3A,1500,2024-09-08,2024-09-14,Cash,Cancelled
80,Ravi,75,Male,12465,Mumbai,Kolkata,2A,1474,2024-09-10,2024-09-29,UPI,WL
81,Amit,74,Female,12423,Delhi,Varanasi,2A,2700,2024-09-20,2024-11-12,Cash,Cancelled
82,Amit,31,Female,12562,Patna,Lucknow,1A,3010,2024-08-14,2024-10-02,Cash,Confirmed
83,Sneha,35,Male,12318,Pune,Delhi,1A,531,2024-01-15,2024-02-25,Card,Confirmed
84,Neha,68,Female,12521,Lucknow,Chennai,1A,2084,2024-08-24,2024-09-01,Card,WL
85,Ravi,29,Male,12884,Mumbai,Lucknow,1A,1542,2024-10-09,2024-10-19,NetBanking,Confirmed
86,Ankit,80,Female,12886,Patna,Bangalore,1A,1563,2024-05-24,2024-07-10,NetBanking,Cancelled
87,Suman,46,Male,12714,Varanasi,Jaipur,1A,1106,2024-10-05,2024-10-30,Cash,Confirmed
88,Suman,53,Female,12679,Patna,Bangalore,SL,667,2024-06-11,2024-07-29,NetBanking,Confirmed
89,Karan,63,Male,12739,Patna,Chennai,3A,456,2024-08-13,2024-08-20,Cash,WL
90,Ravi,15,Female,12872,Pune,Chennai,2A,2717,2024-06-22,2024-08-01,Cash,Cancelled
91,Rahul,35,Female,12232,Mumbai,Chennai,SL,3264,2024-01-19,2024-02-28,UPI,WL
92,Ankit,8,Male,12332,Delhi,Lucknow,2A,1685,2024-03-26,2024-05-10,Cash,Confirmed
93,Ravi,77,Male,12174,Patna,Mumbai,1A,2688,2024-05-05,2024-06-08,Card,WL
94,Priya,64,Female,12470,Lucknow,Delhi,1A,1328,2024-10-25,2024-11-04,Card,Confirmed
95,Sneha,43,Female,12706,Lucknow,Bangalore,2A,965,2024-08-14,2024-09-06,Cash,WL
96,Ravi,78,Female,12588,Lucknow,Lucknow,SL,2846,2024-02-24,2024-03-11,Cash,WL
97,Amit,68,Female,12794,Varanasi,Jaipur,2A,1047,2024-01-05,2024-02-11,Card,Cancelled
98,Neha,17,Male,12316,Bangalore,Delhi,2A,3149,2024-05-08,2024-06-21,Card,Confirmed
99,Ravi,27,Male,12135,Pune,Kolkata,2A,823,2024-05-31,2024-06-21,NetBanking,WL
100,Pooja,19,Female,12986,Mumbai,Patna,3A,2920,2024-05-31,2024-07-18,Cash,Cancelled
101,Ravi,6,Female,12549,Mumbai,Bangalore,2A,2905,2024-07-06,2024-07-12,NetBanking,Cancelled
102,Pooja,18,Male,12482,Delhi,Jaipur,2A,2648,2024-07-14,2024-09-05,Card,Cancelled
103,Suman,43,Female,12119,Patna,Delhi,SL,1396,2024-02-02,2024-03-14,Cash,Confirmed
104,Karan,22,Female,12464,Kolkata,Pune,1A,2555,2024-02-19,2024-03-06,Card,WL
105,Suman,57,Female,12033,Kolkata,Varanasi,1A,1971,2024-02-20,2024-04-14,Card,WL
106,Pooja,74,Female,12062,Chennai,Lucknow,3A,650,2024-02-20,2024-04-04,Cash,Confirmed
107,Sneha,7,Male,12805,Kolkata,Varanasi,3A,3373,2024-04-18,2024-05-30,Card,Confirmed
108,Sneha,32,Male,12336,Patna,Jaipur,SL,1285,2024-10-10,2024-10-24,Card,Confirmed
109,Neha,19,Male,12134,Delhi,Kolkata,3A,2561,2024-10-03,2024-10-20,NetBanking,Confirmed
110,Amit,21,Female,12538,Mumbai,Mumbai,1A,1986,2024-03-30,2024-04-16,NetBanking,Cancelled
111,Karan,33,Male,12744,Pune,Lucknow,1A,2785,2024-02-25,2024-03-25,UPI,Confirmed
112,Ravi,59,Male,12502,Bangalore,Mumbai,SL,1469,2024-09-02,2024-10-27,Card,Confirmed
113,Sneha,79,Female,12390,Jaipur,Pune,2A,2008,2024-03-05,2024-03-23,Cash,Confirmed
114,Karan,32,Female,12462,Varanasi,Chennai,2A,2007,2024-02-28,2024-04-23,Cash,WL
115,Ravi,45,Female,12383,Patna,Bangalore,SL,523,2024-02-18,2024-03-10,UPI,Confirmed
116,Pooja,21,Male,12600,Pune,Pune,2A,2894,2024-08-09,2024-08-16,UPI,WL
117,Ravi,11,Female,12614,Lucknow,Kolkata,SL,2517,2024-06-30,2024-08-25,Card,Confirmed
118,Rahul,49,Female,12117,Lucknow,Jaipur,3A,3456,2024-09-03,2024-09-18,Cash,Cancelled
119,Sneha,39,Male,12184,Lucknow,Lucknow,2A,1587,2024-10-12,2024-10-14,UPI,Confirmed
120,Ravi,13,Male,12758,Delhi,Mumbai,3A,1690,2024-03-14,2024-04-20,Cash,WL
121,Pooja,44,Female,12795,Jaipur,Jaipur,SL,365,2024-06-23,2024-07-04,Card,Confirmed
122,Rahul,39,Female,12677,Chennai,Bangalore,1A,1846,2024-01-26,2024-03-10,NetBanking,Confirmed
123,Pooja,60,Male,12290,Jaipur,Bangalore,2A,336,2024-09-19,2024-09-27,Card,WL
124,Priya,43,Male,12785,Patna,Lucknow,2A,1493,2024-01-29,2024-01-30,UPI,Confirmed
125,Ravi,27,Male,12389,Pune,Varanasi,2A,445,2024-09-11,2024-10-29,Cash,Cancelled
126,Amit,63,Male,12882,Kolkata,Jaipur,1A,2498,2024-01-22,2024-02-19,Cash,Cancelled
127,Rahul,56,Male,12989,Kolkata,Patna,1A,2974,2024-08-01,2024-08-20,NetBanking,Confirmed
128,Rahul,36,Female,12603,Chennai,Pune,SL,1771,2024-08-11,2024-10-05,NetBanking,Cancelled
129,Pooja,26,Male,12522,Mumbai,Pune,3A,3329,2024-06-22,2024-07-07,NetBanking,WL
130,Rahul,23,Female,12202,Patna,Jaipur,3A,3263,2024-03-16,2024-04-01,UPI,Confirmed
131,Sneha,79,Female,12697,Jaipur,Jaipur,2A,2719,2024-09-09,2024-10-09,NetBanking,Confirmed
132,Suman,61,Female,12815,Lucknow,Jaipur,SL,1591,2024-08-13,2024-08-18,UPI,WL
133,Amit,12,Female,12851,Lucknow,Mumbai,SL,2669,2024-08-24,2024-09-22,Cash,WL
134,Amit,62,Male,12329,Jaipur,Bangalore,3A,403,2024-10-24,2024-11-29,Cash,Confirmed
135,Rahul,69,Male,12040,Varanasi,Bangalore,1A,2296,2024-06-24,2024-08-09,Card,WL
136,Ankit,54,Female,12793,Kolkata,Jaipur,SL,3382,2024-07-09,2024-09-06,NetBanking,Confirmed
137,Karan,54,Female,12258,Jaipur,Patna,2A,483,2024-06-17,2024-06-24,Card,WL
138,Ravi,21,Male,12317,Pune,Chennai,2A,3480,2024-06-07,2024-07-19,Card,Cancelled
139,Ravi,70,Female,12018,Kolkata,Lucknow,3A,1027,2024-09-26,2024-10-02,NetBanking,WL
140,Neha,24,Male,12302,Mumbai,Pune,SL,2861,2024-04-08,2024-04-23,NetBanking,Cancelled
141,Ravi,24,Male,12185,Jaipur,Patna,1A,328,2024-03-08,2024-04-16,Cash,WL
142,Sneha,41,Female,12239,Pune,Varanasi,2A,3462,2024-05-01,2024-05-30,Cash,Confirmed
143,Sneha,61,Female,12787,Lucknow,Chennai,1A,813,2024-07-07,2024-08-20,Card,Cancelled
144,Ankit,11,Female,12895,Kolkata,Pune,SL,3063,2024-03-11,2024-05-06,UPI,WL
145,Neha,39,Female,12927,Pune,Patna,1A,525,2024-02-12,2024-04-01,Card,WL
146,Amit,58,Male,12405,Pune,Kolkata,3A,1731,2024-06-27,2024-08-26,UPI,WL
147,Pooja,17,Female,12810,Patna,Patna,SL,1325,2024-04-24,2024-04-26,Cash,Cancelled
148,Suman,62,Male,12927,Mumbai,Delhi,2A,1033,2024-03-12,2024-04-30,Card,Cancelled
149,Rahul,41,Male,12308,Mumbai,Delhi,3A,1869,2024-09-27,2024-10-25,Cash,Confirmed
150,Suman,73,Male,12647,Pune,Jaipur,3A,3093,2024-02-26,2024-04-20,Card,WL
151,Sneha,50,Male,12584,Chennai,Patna,SL,2294,2024-08-07,2024-08-08,NetBanking,Confirmed
152,Karan,69,Male,12399,Bangalore,Delhi,1A,1679,2024-09-26,2024-10-31,NetBanking,Cancelled
153,Rahul,49,Male,12750,Mumbai,Jaipur,2A,696,2024-01-09,2024-02-01,UPI,WL
154,Neha,64,Female,12646,Patna,Patna,SL,3082,2024-10-06,2024-10-28,Cash,Confirmed
155,Amit,30,Male,12323,Lucknow,Pune,1A,3489,2024-05-30,2024-06-12,Cash,WL
156,Priya,41,Female,12882,Delhi,Kolkata,2A,659,2024-01-19,2024-03-08,NetBanking,WL
157,Suman,54,Female,12997,Patna,Bangalore,1A,1654,2024-07-23,2024-09-09,NetBanking,Confirmed
158,Ravi,28,Female,12328,Mumbai,Mumbai,2A,2857,2024-08-05,2024-08-11,NetBanking,WL
159,Ravi,26,Female,12359,Bangalore,Delhi,2A,2668,2024-08-16,2024-09-24,Cash,WL
160,Ravi,51,Male,12975,Delhi,Patna,1A,292,2024-01-30,2024-02-04,Card,Confirmed
161,Pooja,51,Female,12972,Jaipur,Delhi,3A,2931,2024-04-30,2024-06-19,Cash,WL
162,Rahul,78,Male,12542,Kolkata,Chennai,2A,2810,2024-07-09,2024-08-07,NetBanking,Confirmed
163,Neha,68,Female,12935,Pune,Mumbai,2A,3324,2024-02-28,2024-03-01,NetBanking,Cancelled
164,Sneha,41,Female,12204,Mumbai,Patna,SL,2001,2024-08-16,2024-08-30,Card,Cancelled
165,Pooja,49,Male,12563,Pune,Lucknow,2A,795,2024-08-15,2024-08-21,Card,WL
166,Rahul,30,Male,12242,Bangalore,Delhi,2A,2419,2024-09-17,2024-10-02,NetBanking,WL
167,Sneha,16,Male,12316,Chennai,Bangalore,1A,3300,2024-10-09,2024-10-18,Cash,Cancelled
168,Pooja,14,Female,12477,Pune,Kolkata,3A,3345,2024-02-07,2024-02-16,Card,Confirmed
169,Amit,20,Male,12311,Patna,Patna,2A,3055,2024-08-09,2024-09-11,Card,WL
170,Ankit,15,Female,12201,Pune,Lucknow,3A,2710,2024-09-22,2024-11-19,NetBanking,Cancelled
171,Karan,26,Male,12175,Jaipur,Jaipur,2A,2458,2024-09-30,2024-10-06,UPI,Confirmed
172,Sneha,38,Male,12785,Jaipur,Chennai,SL,2189,2024-02-11,2024-02-14,NetBanking,Cancelled
173,Priya,56,Female,12464,Mumbai,Delhi,3A,1950,2024-06-03,2024-07-04,Cash,WL
174,Pooja,23,Female,12882,Kolkata,Kolkata,1A,685,2024-08-25,2024-09-08,NetBanking,Cancelled
175,Pooja,35,Female,12125,Lucknow,Bangalore,3A,727,2024-10-14,2024-10-21,UPI,Confirmed
176,Sneha,58,Male,12985,Patna,Kolkata,2A,927,2024-05-28,2024-06-22,Card,WL
177,Suman,44,Female,12023,Mumbai,Chennai,1A,1136,2024-09-20,2024-10-20,Card,Cancelled
178,Amit,41,Female,12611,Bangalore,Lucknow,SL,590,2024-06-29,2024-07-03,Cash,Confirmed
179,Pooja,56,Female,12046,Chennai,Delhi,3A,1634,2024-05-15,2024-07-01,NetBanking,Confirmed
180,Suman,75,Female,12845,Jaipur,Jaipur,SL,677,2024-07-16,2024-08-18,UPI,WL
181,Pooja,76,Female,12773,Patna,Varanasi,1A,2198,2024-07-10,2024-08-30,UPI,Confirmed
182,Pooja,65,Female,12152,Jaipur,Pune,3A,1493,2024-01-20,2024-01-29,NetBanking,Confirmed
183,Ankit,80,Female,12519,Pune,Pune,1A,3052,2024-07-20,2024-08-29,NetBanking,WL
184,Pooja,19,Female,12597,Lucknow,Delhi,1A,1237,2024-01-09,2024-02-02,Card,Cancelled
185,Suman,26,Female,12151,Varanasi,Delhi,SL,931,2024-01-27,2024-03-05,UPI,WL
186,Neha,57,Male,12420,Pune,Jaipur,1A,3163,2024-06-09,2024-07-06,UPI,Cancelled
187,Priya,76,Female,12678,Bangalore,Pune,1A,1435,2024-03-11,2024-04-14,Card,WL
188,Karan,50,Female,12624,Bangalore,Varanasi,3A,1292,2024-09-29,2024-10-21,NetBanking,Confirmed
189,Ankit,31,Female,12324,Bangalore,Kolkata,2A,1328,2024-06-01,2024-07-21,UPI,Cancelled
190,Ravi,49,Male,12297,Delhi,Lucknow,SL,1568,2024-10-05,2024-10-30,Cash,Cancelled
191,Suman,32,Male,12847,Pune,Lucknow,2A,712,2024-05-11,2024-06-28,UPI,Cancelled
192,Priya,11,Male,12653,Varanasi,Delhi,SL,1842,2024-10-27,2024-11-12,NetBanking,Cancelled
193,Neha,5,Male,12416,Bangalore,Bangalore,3A,3246,2024-08-29,2024-09-05,NetBanking,WL
194,Amit,16,Male,12547,Delhi,Patna,1A,870,2024-05-26,2024-07-07,UPI,WL
195,Ankit,9,Male,12305,Jaipur,Jaipur,SL,1522,2024-09-10,2024-09-22,NetBanking,WL
196,Suman,22,Female,12279,Varanasi,Mumbai,2A,815,2024-10-05,2024-11-08,Cash,Cancelled
197,Neha,6,Female,12809,Lucknow,Jaipur,3A,868,2024-05-11,2024-06-26,Cash,WL
198,Rahul,56,Male,12189,Patna,Bangalore,2A,1166,2024-09-20,2024-10-11,UPI,WL
199,Suman,39,Female,12309,Jaipur,Jaipur,SL,1221,2024-07-15,2024-07-31,NetBanking,Cancelled
200,Rahul,64,Female,12163,Chennai,Pune,2A,2977,2024-04-30,2024-05-04,UPI,Cancelled
201,Sneha,33,Male,12980,Patna,Bangalore,3A,2013,2024-05-31,2024-06-24,NetBanking,WL
202,Suman,73,Male,12780,Varanasi,Jaipur,SL,2302,2024-10-08,2024-12-06,Cash,Cancelled
203,Sneha,19,Male,12848,Pune,Pune,3A,2495,2024-07-04,2024-07-09,Card,Confirmed
204,Karan,61,Male,12696,Varanasi,Jaipur,1A,522,2024-06-16,2024-08-10,Cash,Confirmed
205,Karan,58,Female,12577,Delhi,Pune,1A,2905,2024-08-20,2024-08-29,NetBanking,Cancelled
206,Ankit,5,Male,12592,Mumbai,Delhi,1A,1561,2024-01-12,2024-02-07,UPI,Cancelled
207,Rahul,65,Male,12293,Chennai,Patna,3A,3286,2024-01-31,2024-03-31,Cash,WL
208,Ravi,53,Male,12699,Pune,Patna,2A,635,2024-07-14,2024-08-12,Card,Cancelled
209,Neha,33,Male,12774,Delhi,Lucknow,1A,2908,2024-07-20,2024-08-23,Cash,Cancelled
210,Priya,36,Female,12354,Patna,Lucknow,3A,3119,2024-07-13,2024-09-04,UPI,Confirmed
211,Amit,35,Male,12068,Mumbai,Jaipur,SL,1978,2024-08-02,2024-09-11,UPI,Confirmed
212,Suman,34,Male,12772,Delhi,Patna,2A,1109,2024-01-23,2024-02-18,NetBanking,Cancelled
213,Ankit,23,Male,12423,Lucknow,Lucknow,SL,2430,2024-06-13,2024-06-29,Card,Cancelled
214,Suman,11,Female,12964,Chennai,Pune,2A,3002,2024-08-06,2024-09-11,Cash,WL
215,Ravi,28,Female,12246,Varanasi,Lucknow,3A,3450,2024-03-17,2024-04-06,Cash,Confirmed
216,Ravi,76,Male,12397,Varanasi,Lucknow,3A,1502,2024-10-14,2024-11-10,UPI,WL
217,Karan,29,Male,12274,Chennai,Jaipur,SL,448,2024-07-08,2024-07-14,Card,Cancelled
218,Suman,31,Female,12310,Delhi,Varanasi,3A,3187,2024-10-13,2024-10-27,UPI,Cancelled
219,Priya,31,Female,12937,Varanasi,Pune,2A,3326,2024-09-02,2024-10-31,NetBanking,WL
220,Pooja,44,Female,12368,Pune,Bangalore,1A,553,2024-08-26,2024-09-30,Cash,WL
221,Pooja,57,Male,12576,Varanasi,Patna,SL,1218,2024-04-14,2024-05-08,Cash,WL
222,Pooja,34,Female,12583,Varanasi,Bangalore,2A,1204,2024-03-19,2024-04-01,Cash,Cancelled
223,Neha,50,Male,12143,Pune,Bangalore,3A,2370,2024-09-08,2024-10-08,UPI,Cancelled
224,Rahul,11,Male,12422,Patna,Varanasi,SL,3046,2024-01-18,2024-03-12,Card,Confirmed
225,Suman,52,Male,12632,Jaipur,Bangalore,1A,214,2024-04-21,2024-05-24,UPI,Cancelled
226,Amit,7,Female,12548,Lucknow,Delhi,1A,3452,2024-10-09,2024-11-05,Card,Confirmed
227,Neha,35,Male,12634,Pune,Lucknow,2A,1244,2024-02-19,2024-03-24,Cash,Confirmed
228,Suman,77,Male,12713,Varanasi,Lucknow,SL,2827,2024-07-10,2024-08-05,UPI,Confirmed
229,Ravi,75,Female,12057,Delhi,Patna,SL,2197,2024-07-26,2024-08-20,Cash,Cancelled
230,Rahul,72,Male,12235,Varanasi,Jaipur,1A,1260,2024-06-18,2024-07-25,UPI,Confirmed
231,Karan,77,Male,12183,Kolkata,Delhi,3A,2554,2024-05-23,2024-07-20,Card,Cancelled
232,Rahul,43,Male,12577,Varanasi,Jaipur,1A,2923,2024-07-22,2024-09-20,NetBanking,WL
233,Rahul,69,Female,12054,Mumbai,Chennai,3A,461,2024-03-12,2024-05-02,NetBanking,Cancelled
234,Pooja,8,Female,12802,Bangalore,Bangalore,3A,1607,2024-07-22,2024-09-10,Cash,WL
235,Sneha,53,Male,12790,Jaipur,Lucknow,3A,3070,2024-04-05,2024-05-19,UPI,Confirmed
236,Ravi,24,Female,12324,Kolkata,Mumbai,SL,171,2024-05-17,2024-05-27,NetBanking,WL
237,Ankit,18,Male,12089,Patna,Chennai,1A,2431,2024-07-03,2024-08-21,Cash,Confirmed
238,Pooja,75,Male,12611,Jaipur,Kolkata,1A,200,2024-01-14,2024-01-20,NetBanking,WL
239,Rahul,76,Male,12585,Pune,Patna,1A,844,2024-07-17,2024-09-05,Card,WL
240,Suman,23,Male,12171,Chennai,Lucknow,1A,1377,2024-06-03,2024-06-21,Cash,Confirmed
241,Priya,68,Male,12468,Mumbai,Patna,2A,177,2024-07-03,2024-07-20,Cash,WL
242,Pooja,61,Female,12440,Jaipur,Patna,2A,1463,2024-07-13,2024-09-03,Card,WL
243,Ravi,45,Female,12752,Bangalore,Jaipur,3A,1484,2024-06-09,2024-06-21,Cash,WL
244,Rahul,77,Male,12606,Pune,Patna,SL,3128,2024-07-20,2024-08-13,Cash,Cancelled
245,Ankit,13,Female,12689,Bangalore,Patna,2A,1141,2024-04-17,2024-05-16,NetBanking,Cancelled
246,Ravi,53,Male,12459,Jaipur,Bangalore,1A,2338,2024-03-19,2024-05-04,Cash,Cancelled
247,Pooja,73,Male,12111,Varanasi,Kolkata,3A,2800,2024-01-19,2024-03-10,UPI,Cancelled
248,Pooja,60,Male,12010,Mumbai,Lucknow,3A,2241,2024-07-23,2024-09-10,Card,WL
249,Suman,80,Male,12353,Delhi,Bangalore,SL,1360,2024-07-10,2024-08-05,Cash,Confirmed
250,Neha,49,Female,12351,Bangalore,Varanasi,1A,1576,2024-02-29,2024-04-23,Cash,Confirmed
251,Suman,45,Male,12307,Delhi,Mumbai,SL,1555,2024-08-12,2024-09-28,UPI,Cancelled
252,Priya,71,Male,12565,Patna,Kolkata,1A,2042,2024-03-25,2024-05-24,Card,WL
253,Ravi,55,Male,12755,Jaipur,Varanasi,1A,2575,2024-04-04,2024-04-16,Cash,WL
254,Priya,31,Female,12770,Mumbai,Jaipur,SL,3424,2024-01-03,2024-02-18,Card,WL
255,Suman,19,Female,12686,Bangalore,Pune,2A,2595,2024-06-15,2024-06-28,Cash,Cancelled
256,Rahul,49,Female,12865,Bangalore,Jaipur,3A,3483,2024-07-19,2024-08-26,NetBanking,Cancelled
257,Neha,45,Male,12244,Lucknow,Mumbai,3A,1679,2024-02-13,2024-03-28,Card,Cancelled
258,Sneha,22,Female,12433,Patna,Bangalore,3A,2422,2024-07-17,2024-08-13,Card,WL
259,Neha,45,Female,12634,Delhi,Kolkata,SL,2134,2024-05-27,2024-06-05,Card,Confirmed
260,Karan,68,Female,12701,Bangalore,Chennai,1A,2151,2024-07-15,2024-08-20,Card,Confirmed
261,Priya,42,Male,12281,Varanasi,Pune,2A,838,2024-10-16,2024-10-18,Cash,Cancelled
262,Karan,19,Male,12274,Pune,Kolkata,SL,3262,2024-09-10,2024-10-16,Cash,Cancelled
263,Rahul,36,Female,12895,Delhi,Bangalore,2A,1577,2024-04-21,2024-05-19,UPI,WL
264,Priya,31,Female,12881,Jaipur,Chennai,3A,2673,2024-03-01,2024-04-20,Card,Confirmed
265,Amit,77,Female,12545,Lucknow,Jaipur,3A,1475,2024-04-15,2024-06-06,NetBanking,WL
266,Karan,17,Male,12985,Chennai,Delhi,2A,2836,2024-10-20,2024-11-07,Card,Cancelled
267,Neha,46,Male,12779,Chennai,Bangalore,3A,2515,2024-03-08,2024-03-24,NetBanking,Cancelled
268,Suman,14,Male,12412,Pune,Lucknow,2A,2012,2024-07-31,2024-08-25,Cash,WL
269,Rahul,63,Female,12870,Mumbai,Pune,1A,1042,2024-10-24,2024-10-25,Cash,Confirmed
270,Pooja,41,Female,12560,Jaipur,Patna,1A,3378,2024-09-10,2024-09-28,NetBanking,Cancelled
271,Rahul,63,Male,12127,Patna,Bangalore,1A,152,2024-01-25,2024-01-28,Cash,Confirmed
272,Ankit,25,Female,12095,Kolkata,Lucknow,SL,1673,2024-03-08,2024-05-04,Card,Confirmed
273,Ankit,34,Female,12671,Mumbai,Mumbai,SL,1024,2024-07-21,2024-08-31,Cash,Confirmed
274,Priya,71,Female,12009,Delhi,Kolkata,SL,1879,2024-03-08,2024-04-15,Card,WL
275,Ravi,16,Male,12105,Kolkata,Kolkata,2A,711,2024-02-06,2024-02-21,Cash,Confirmed
276,Karan,77,Male,12624,Patna,Bangalore,2A,3109,2024-03-14,2024-03-19,Card,Cancelled
277,Ravi,61,Male,12088,Mumbai,Patna,SL,2564,2024-03-18,2024-05-16,Cash,WL
278,Neha,36,Female,12660,Mumbai,Varanasi,2A,3340,2024-08-07,2024-08-28,UPI,Cancelled
279,Karan,70,Male,12765,Chennai,Lucknow,SL,3360,2024-06-03,2024-06-17,Card,WL
280,Priya,68,Male,12540,Delhi,Kolkata,2A,690,2024-07-16,2024-07-24,Cash,Cancelled
281,Karan,27,Female,12977,Mumbai,Delhi,SL,206,2024-08-03,2024-08-27,NetBanking,Confirmed
282,Amit,55,Female,12643,Pune,Chennai,1A,3024,2024-01-21,2024-03-21,Cash,Confirmed
283,Sneha,24,Female,12085,Lucknow,Mumbai,3A,3459,2024-10-01,2024-11-05,Card,Cancelled
284,Sneha,13,Female,12715,Chennai,Varanasi,SL,1151,2024-06-16,2024-07-12,UPI,WL
285,Sneha,12,Female,12682,Patna,Mumbai,SL,3049,2024-02-29,2024-03-30,Card,Cancelled
286,Suman,49,Female,12170,Kolkata,Patna,2A,3152,2024-01-06,2024-01-17,UPI,Confirmed
287,Ravi,39,Male,12269,Jaipur,Mumbai,1A,2014,2024-06-20,2024-08-11,NetBanking,Confirmed
288,Sneha,26,Female,12161,Lucknow,Mumbai,SL,1085,2024-09-12,2024-11-06,UPI,Confirmed
289,Amit,65,Female,12392,Patna,Patna,SL,2414,2024-01-07,2024-01-23,Cash,Confirmed
290,Ravi,45,Female,12845,Mumbai,Jaipur,2A,639,2024-06-13,2024-06-29,UPI,Confirmed
291,Karan,10,Female,12070,Bangalore,Lucknow,2A,1490,2024-04-24,2024-06-15,UPI,Cancelled
292,Pooja,30,Female,12577,Lucknow,Jaipur,3A,2050,2024-08-21,2024-08-22,NetBanking,Cancelled
293,Priya,74,Male,12154,Delhi,Chennai,SL,1104,2024-09-09,2024-10-29,NetBanking,Cancelled
294,Amit,53,Female,12106,Varanasi,Pune,3A,1869,2024-01-05,2024-01-27,Cash,Confirmed
295,Ankit,16,Male,12943,Varanasi,Pune,1A,3020,2024-03-13,2024-04-28,NetBanking,WL
296,Rahul,69,Male,12652,Chennai,Mumbai,SL,1931,2024-02-13,2024-03-22,Card,Confirmed
297,Pooja,55,Female,12325,Bangalore,Lucknow,3A,455,2024-05-29,2024-06-15,Card,Confirmed
298,Neha,18,Male,12460,Bangalore,Kolkata,1A,644,2024-10-26,2024-11-02,NetBanking,Confirmed
299,Suman,38,Male,12092,Patna,Lucknow,SL,1030,2024-08-19,2024-09-08,NetBanking,Confirmed
300,Priya,50,Female,12525,Delhi,Lucknow,2A,862,2024-02-16,2024-04-02,UPI,WL
301,Karan,36,Male,12473,Mumbai,Patna,SL,198,2024-08-19,2024-09-24,UPI,Confirmed
302,Ravi,52,Male,12596,Jaipur,Lucknow,SL,239,2024-03-07,2024-03-20,UPI,Confirmed
303,Neha,16,Female,12125,Delhi,Bangalore,SL,838,2024-08-15,2024-10-06,Cash,Cancelled
304,Amit,53,Female,12176,Kolkata,Varanasi,3A,1276,2024-07-21,2024-08-22,NetBanking,WL
305,Sneha,36,Female,12510,Chennai,Pune,1A,399,2024-03-17,2024-03-20,UPI,WL
306,Ravi,30,Male,12645,Pune,Delhi,1A,3352,2024-07-15,2024-07-24,NetBanking,WL
307,Suman,49,Female,12397,Lucknow,Patna,SL,1456,2024-10-05,2024-11-25,Card,Confirmed
308,Suman,72,Female,12785,Jaipur,Varanasi,3A,560,2024-05-23,2024-05-27,Card,Cancelled
309,Karan,12,Male,12589,Chennai,Kolkata,3A,871,2024-05-03,2024-05-21,Card,Cancelled
310,Pooja,80,Male,12720,Kolkata,Jaipur,3A,2456,2024-06-11,2024-08-02,Card,WL
311,Neha,67,Male,12092,Delhi,Varanasi,3A,231,2024-10-04,2024-10-24,Cash,Confirmed
312,Sneha,30,Male,12348,Patna,Kolkata,SL,239,2024-06-18,2024-08-16,Card,Cancelled
313,Rahul,72,Female,12983,Mumbai,Kolkata,1A,2550,2024-03-13,2024-05-02,UPI,WL
314,Neha,25,Female,12810,Bangalore,Kolkata,3A,3046,2024-06-03,2024-06-24,NetBanking,Confirmed
315,Ankit,42,Male,12181,Delhi,Jaipur,1A,3307,2024-03-30,2024-04-24,UPI,Confirmed
316,Sneha,33,Male,12959,Bangalore,Patna,2A,3202,2024-06-11,2024-08-09,UPI,Confirmed
317,Neha,16,Female,12457,Delhi,Lucknow,3A,1172,2024-06-26,2024-07-17,UPI,WL
318,Rahul,5,Male,12395,Bangalore,Chennai,3A,1845,2024-05-11,2024-07-01,Cash,WL
319,Ravi,17,Female,12807,Jaipur,Varanasi,3A,1998,2024-06-28,2024-08-02,UPI,Confirmed
320,Pooja,38,Male,12075,Kolkata,Patna,1A,809,2024-05-30,2024-06-01,UPI,Cancelled
321,Sneha,66,Male,12441,Patna,Jaipur,1A,793,2024-02-17,2024-03-10,UPI,Confirmed
322,Priya,57,Female,12676,Lucknow,Lucknow,3A,542,2024-06-18,2024-07-02,UPI,WL
323,Suman,24,Male,12369,Delhi,Chennai,SL,1356,2024-10-19,2024-11-24,Cash,Confirmed
324,Priya,26,Female,12083,Bangalore,Mumbai,2A,3364,2024-02-19,2024-02-21,Cash,WL
325,Ankit,16,Female,12189,Kolkata,Chennai,2A,914,2024-09-07,2024-11-04,Cash,Confirmed
326,Suman,38,Male,12857,Lucknow,Jaipur,SL,769,2024-05-14,2024-06-12,UPI,Confirmed
327,Karan,57,Male,12566,Delhi,Chennai,1A,2343,2024-06-25,2024-08-16,Cash,Cancelled
328,Ankit,15,Female,12924,Delhi,Pune,3A,642,2024-04-30,2024-05-31,Cash,Confirmed
329,Priya,21,Male,12433,Mumbai,Chennai,3A,2719,2024-03-26,2024-04-09,Card,Cancelled
330,Rahul,16,Female,12569,Chennai,Pune,2A,1281,2024-05-12,2024-06-02,Cash,Confirmed
331,Ravi,19,Female,12153,Patna,Jaipur,SL,582,2024-10-27,2024-11-30,UPI,WL
332,Pooja,57,Female,12392,Bangalore,Jaipur,1A,303,2024-10-01,2024-11-27,Card,WL
333,Sneha,56,Male,12405,Kolkata,Varanasi,SL,3204,2024-07-25,2024-08-04,Cash,WL
334,Pooja,43,Female,12287,Bangalore,Mumbai,3A,700,2024-07-09,2024-07-11,NetBanking,Cancelled
335,Pooja,39,Female,12619,Mumbai,Varanasi,1A,1015,2024-08-14,2024-10-03,Cash,Cancelled
336,Karan,52,Male,12527,Patna,Mumbai,2A,3056,2024-09-05,2024-10-24,Cash,Confirmed
337,Sneha,8,Male,12197,Varanasi,Delhi,3A,285,2024-09-25,2024-11-21,Cash,Confirmed
338,Priya,40,Female,12843,Bangalore,Pune,1A,2752,2024-07-03,2024-08-18,UPI,Cancelled
339,Pooja,67,Female,12181,Bangalore,Jaipur,2A,1560,2024-01-16,2024-02-01,Card,WL
340,Amit,54,Male,12166,Jaipur,Varanasi,3A,2801,2024-02-16,2024-03-06,Card,Cancelled
341,Ravi,70,Male,12885,Delhi,Bangalore,3A,2801,2024-04-15,2024-05-03,Card,Cancelled
342,Ankit,44,Female,12433,Chennai,Kolkata,1A,1182,2024-01-05,2024-01-20,Card,WL
343,Karan,55,Male,12007,Pune,Kolkata,2A,1372,2024-06-03,2024-07-17,UPI,WL
344,Ankit,46,Female,12267,Lucknow,Varanasi,3A,2268,2024-02-02,2024-02-24,Card,Confirmed
345,Pooja,22,Male,12671,Bangalore,Lucknow,2A,1864,2024-07-25,2024-09-06,Cash,WL
346,Sneha,29,Female,12743,Varanasi,Pune,1A,2901,2024-01-19,2024-02-26,NetBanking,Cancelled
347,Neha,76,Male,12300,Mumbai,Bangalore,3A,3184,2024-06-02,2024-07-27,NetBanking,Cancelled
348,Neha,47,Male,12227,Kolkata,Varanasi,2A,1872,2024-10-13,2024-12-01,NetBanking,WL
349,Ankit,64,Male,12481,Delhi,Jaipur,SL,2084,2024-05-13,2024-06-20,Card,Cancelled
350,Ravi,72,Female,12423,Delhi,Patna,3A,970,2024-03-02,2024-04-27,NetBanking,WL
351,Suman,23,Female,12883,Patna,Mumbai,1A,1512,2024-10-18,2024-12-15,Card,WL
352,Suman,40,Male,12779,Patna,Jaipur,3A,2155,2024-01-30,2024-01-31,UPI,Confirmed
353,Ravi,56,Female,12988,Bangalore,Chennai,SL,304,2024-08-10,2024-09-20,Card,Cancelled
354,Pooja,72,Male,12018,Delhi,Varanasi,3A,2990,2024-07-10,2024-07-11,NetBanking,WL
355,Ravi,69,Female,12171,Mumbai,Delhi,2A,1341,2024-03-07,2024-03-14,Cash,Cancelled
356,Karan,48,Female,12909,Patna,Kolkata,1A,1621,2024-09-23,2024-11-01,Card,Confirmed
357,Priya,33,Male,12216,Delhi,Jaipur,3A,654,2024-07-25,2024-07-27,NetBanking,Cancelled
358,Ankit,73,Male,12608,Delhi,Mumbai,SL,347,2024-01-20,2024-02-14,UPI,WL
359,Rahul,75,Female,12485,Patna,Varanasi,SL,1383,2024-08-15,2024-09-09,Cash,Cancelled
360,Karan,39,Male,12428,Mumbai,Pune,SL,1307,2024-02-21,2024-04-04,UPI,Confirmed
361,Sneha,30,Female,12851,Pune,Varanasi,2A,3031,2024-09-11,2024-09-24,Cash,WL
362,Karan,68,Male,12704,Bangalore,Kolkata,3A,161,2024-03-23,2024-03-26,UPI,Cancelled
363,Rahul,78,Female,12152,Mumbai,Pune,SL,3113,2024-02-15,2024-04-14,UPI,WL
364,Ankit,38,Female,12051,Mumbai,Patna,SL,1340,2024-04-28,2024-05-28,NetBanking,Cancelled
365,Rahul,17,Male,12009,Patna,Patna,2A,1614,2024-06-09,2024-07-07,Cash,Cancelled
366,Rahul,52,Female,12187,Mumbai,Chennai,1A,2019,2024-05-17,2024-07-13,NetBanking,WL
367,Ravi,26,Male,12135,Delhi,Patna,SL,1854,2024-09-01,2024-10-23,Cash,Cancelled
368,Sneha,53,Female,12626,Delhi,Patna,1A,2149,2024-08-12,2024-08-24,UPI,WL
369,Rahul,38,Female,12012,Pune,Jaipur,3A,2893,2024-08-13,2024-08-16,NetBanking,Cancelled
370,Sneha,17,Female,12677,Varanasi,Bangalore,2A,2868,2024-09-24,2024-11-08,Cash,Confirmed
371,Sneha,11,Male,12658,Patna,Pune,1A,2180,2024-10-12,2024-12-09,Card,Confirmed
372,Priya,47,Female,12051,Pune,Varanasi,1A,1801,2024-09-08,2024-09-29,Card,Confirmed
373,Sneha,62,Male,12877,Bangalore,Bangalore,2A,636,2024-08-23,2024-09-21,Cash,Cancelled
374,Ravi,57,Male,12570,Pune,Delhi,SL,3393,2024-01-10,2024-01-17,NetBanking,Cancelled
375,Suman,48,Female,12845,Delhi,Varanasi,1A,1509,2024-10-14,2024-10-28,Cash,Cancelled
376,Suman,19,Male,12777,Varanasi,Delhi,2A,1604,2024-07-05,2024-08-20,NetBanking,Cancelled
377,Rahul,10,Male,12504,Patna,Chennai,SL,1191,2024-09-24,2024-10-18,Card,Confirmed
378,Ravi,32,Female,12844,Varanasi,Kolkata,SL,3251,2024-03-02,2024-05-01,Cash,Confirmed
379,Suman,63,Male,12986,Bangalore,Delhi,SL,2416,2024-03-04,2024-04-23,Cash,Cancelled
380,Karan,27,Male,12748,Patna,Mumbai,1A,2843,2024-09-04,2024-11-03,NetBanking,Cancelled
381,Sneha,36,Female,12407,Kolkata,Lucknow,1A,3446,2024-07-15,2024-08-11,Card,Confirmed
382,Karan,43,Female,12728,Pune,Varanasi,3A,1008,2024-07-30,2024-09-07,NetBanking,Cancelled
383,Neha,27,Female,12727,Mumbai,Kolkata,1A,2537,2024-06-25,2024-08-23,Cash,Cancelled
384,Ravi,6,Male,12025,Chennai,Patna,SL,2895,2024-09-30,2024-10-19,UPI,Confirmed
385,Neha,41,Female,12149,Delhi,Lucknow,3A,3236,2024-05-16,2024-07-04,UPI,WL
386,Sneha,76,Male,12760,Pune,Chennai,3A,2242,2024-08-19,2024-08-26,NetBanking,Cancelled
387,Ravi,54,Female,12979,Kolkata,Pune,SL,203,2024-01-25,2024-03-25,NetBanking,Confirmed
388,Priya,52,Male,12794,Varanasi,Lucknow,1A,876,2024-08-14,2024-10-07,UPI,Confirmed
389,Karan,20,Female,12041,Chennai,Lucknow,2A,682,2024-03-29,2024-05-16,Card,Cancelled
390,Pooja,64,Male,12040,Patna,Kolkata,SL,3318,2024-05-10,2024-05-11,NetBanking,WL
391,Pooja,14,Female,12538,Varanasi,Patna,SL,3370,2024-10-20,2024-11-25,Card,WL
392,Ravi,16,Female,12226,Varanasi,Kolkata,2A,1627,2024-10-05,2024-11-09,NetBanking,Confirmed
393,Karan,6,Male,12684,Kolkata,Bangalore,3A,2780,2024-09-28,2024-10-29,Card,Confirmed
394,Rahul,54,Female,12553,Lucknow,Delhi,2A,2256,2024-06-13,2024-07-08,Cash,WL
395,Priya,46,Male,12970,Mumbai,Patna,SL,2717,2024-01-23,2024-02-11,UPI,Confirmed
396,Ravi,18,Male,12550,Chennai,Mumbai,3A,247,2024-04-19,2024-06-14,Cash,Cancelled
397,Rahul,14,Male,12182,Lucknow,Pune,SL,2505,2024-06-18,2024-06-21,Card,WL
398,Suman,56,Female,12323,Delhi,Chennai,SL,2340,2024-07-27,2024-08-21,UPI,Cancelled
399,Sneha,10,Male,12366,Pune,Mumbai,2A,3373,2024-02-02,2024-03-22,NetBanking,Cancelled
400,Suman,53,Female,12841,Delhi,Bangalore,3A,2335,2024-02-14,2024-03-04,Card,Confirmed
401,Karan,42,Male,12305,Kolkata,Delhi,3A,654,2024-07-19,2024-09-08,UPI,Confirmed
402,Ravi,73,Male,12312,Varanasi,Kolkata,3A,1840,2024-10-20,2024-11-28,Card,Confirmed
403,Sneha,37,Male,12117,Patna,Jaipur,SL,3226,2024-04-04,2024-04-19,Cash,Cancelled
404,Ankit,13,Female,12100,Varanasi,Jaipur,1A,1505,2024-10-08,2024-10-13,NetBanking,Confirmed
405,Ankit,13,Male,12325,Bangalore,Bangalore,2A,2674,2024-04-30,2024-05-07,NetBanking,Cancelled
406,Sneha,77,Female,12827,Kolkata,Chennai,3A,169,2024-10-26,2024-11-05,NetBanking,Confirmed
407,Ravi,40,Female,12137,Kolkata,Bangalore,1A,1974,2024-04-23,2024-06-08,NetBanking,WL
408,Rahul,27,Male,12861,Lucknow,Patna,3A,1228,2024-09-06,2024-10-12,UPI,Cancelled
409,Amit,69,Male,12832,Jaipur,Jaipur,1A,3300,2024-02-08,2024-04-06,Card,Confirmed
410,Karan,74,Female,12669,Patna,Kolkata,1A,1064,2024-10-09,2024-10-26,NetBanking,Confirmed
411,Karan,16,Female,12372,Pune,Delhi,3A,3453,2024-08-25,2024-09-27,Card,Cancelled
412,Neha,27,Male,12753,Bangalore,Kolkata,SL,1046,2024-03-12,2024-04-10,Cash,Confirmed
413,Pooja,34,Male,12684,Varanasi,Pune,2A,1739,2024-02-02,2024-02-19,Cash,WL
414,Pooja,18,Female,12854,Lucknow,Jaipur,3A,1692,2024-01-24,2024-01-27,Cash,WL
415,Rahul,71,Female,12385,Varanasi,Pune,1A,1595,2024-10-27,2024-12-08,NetBanking,WL
416,Sneha,5,Male,12450,Patna,Varanasi,SL,2257,2024-09-03,2024-10-30,NetBanking,Confirmed
417,Neha,51,Male,12676,Varanasi,Chennai,2A,3100,2024-03-17,2024-03-29,UPI,WL
418,Priya,80,Male,12662,Chennai,Delhi,3A,326,2024-09-02,2024-10-03,Card,Cancelled
419,Karan,10,Male,12057,Patna,Lucknow,3A,2266,2024-03-23,2024-04-01,Cash,Cancelled
420,Amit,41,Male,12221,Bangalore,Jaipur,1A,2122,2024-10-15,2024-11-25,Card,Confirmed
421,Neha,79,Male,12638,Pune,Lucknow,3A,3116,2024-07-29,2024-09-06,NetBanking,WL
422,Ravi,54,Male,12111,Delhi,Varanasi,1A,762,2024-02-05,2024-02-20,UPI,Confirmed
423,Sneha,9,Male,12095,Bangalore,Patna,SL,3323,2024-08-31,2024-10-28,Cash,Cancelled
424,Amit,72,Female,12234,Bangalore,Chennai,2A,2562,2024-08-03,2024-08-27,UPI,WL
425,Suman,34,Male,12290,Jaipur,Pune,1A,1205,2024-03-09,2024-03-26,Card,Confirmed
426,Karan,20,Male,12384,Varanasi,Kolkata,1A,1633,2024-01-04,2024-02-10,UPI,Confirmed
427,Sneha,37,Female,12875,Pune,Chennai,2A,2656,2024-08-06,2024-09-17,NetBanking,Cancelled
428,Priya,57,Female,12183,Kolkata,Pune,1A,1189,2024-07-22,2024-09-09,NetBanking,Cancelled
429,Ravi,22,Male,12765,Varanasi,Bangalore,3A,560,2024-06-25,2024-08-14,Card,Cancelled
430,Pooja,75,Male,12164,Chennai,Delhi,SL,745,2024-07-24,2024-09-13,Cash,Cancelled
431,Rahul,38,Male,12379,Mumbai,Jaipur,SL,3117,2024-08-10,2024-08-16,Cash,WL
432,Sneha,12,Male,12655,Bangalore,Bangalore,SL,976,2024-09-23,2024-10-12,NetBanking,Confirmed
433,Sneha,70,Male,12629,Patna,Delhi,2A,1129,2024-01-18,2024-03-09,UPI,Confirmed
434,Ravi,50,Female,12415,Jaipur,Varanasi,SL,3168,2024-02-14,2024-03-03,UPI,Confirmed
435,Karan,79,Female,12355,Lucknow,Varanasi,3A,2012,2024-10-08,2024-10-27,Cash,Cancelled
436,Neha,57,Male,12572,Mumbai,Pune,2A,1542,2024-01-03,2024-01-20,UPI,Cancelled
437,Karan,78,Female,12710,Bangalore,Chennai,1A,3303,2024-05-11,2024-07-07,Card,WL
438,Suman,80,Male,12493,Mumbai,Lucknow,SL,1717,2024-08-22,2024-10-05,Card,Cancelled
439,Pooja,57,Female,12528,Pune,Delhi,2A,1166,2024-04-27,2024-06-18,NetBanking,Confirmed
440,Pooja,14,Male,12487,Kolkata,Kolkata,3A,2499,2024-07-23,2024-09-05,NetBanking,Confirmed
441,Priya,35,Male,12893,Lucknow,Varanasi,3A,980,2024-04-07,2024-05-09,Card,Cancelled
442,Rahul,20,Male,12692,Bangalore,Jaipur,SL,3280,2024-07-01,2024-07-11,UPI,WL
443,Pooja,68,Female,12502,Patna,Pune,2A,1779,2024-07-09,2024-08-18,Card,Cancelled
444,Karan,59,Female,12962,Pune,Delhi,2A,1762,2024-03-06,2024-03-10,Card,WL
445,Karan,63,Female,12705,Delhi,Delhi,3A,1704,2024-03-02,2024-04-16,UPI,WL
446,Ankit,28,Female,12242,Lucknow,Bangalore,2A,1648,2024-07-04,2024-08-13,Card,WL
447,Ravi,52,Female,12874,Chennai,Lucknow,1A,886,2024-08-05,2024-08-19,Card,Cancelled
448,Rahul,39,Male,12568,Chennai,Chennai,3A,747,2024-04-27,2024-06-19,Card,WL
449,Ravi,68,Male,12914,Pune,Pune,2A,3366,2024-01-05,2024-01-17,Cash,WL
450,Sneha,11,Female,12101,Patna,Delhi,3A,3483,2024-05-08,2024-06-13,NetBanking,WL
451,Pooja,38,Female,12368,Pune,Pune,2A,1559,2024-02-19,2024-03-19,UPI,WL
452,Sneha,30,Male,12799,Lucknow,Kolkata,2A,2907,2024-03-03,2024-03-26,Cash,Cancelled
453,Rahul,53,Female,12474,Patna,Patna,2A,1877,2024-08-16,2024-10-12,Cash,Confirmed
454,Pooja,34,Female,12324,Lucknow,Lucknow,1A,1261,2024-02-10,2024-02-21,Cash,WL
455,Suman,57,Male,12188,Delhi,Patna,3A,2861,2024-10-27,2024-11-30,NetBanking,Cancelled
456,Neha,55,Male,12097,Mumbai,Bangalore,SL,257,2024-02-10,2024-02-24,Cash,Cancelled
457,Ankit,24,Male,12670,Chennai,Lucknow,3A,1163,2024-02-12,2024-02-19,NetBanking,WL
458,Karan,26,Male,12035,Kolkata,Kolkata,1A,2063,2024-03-05,2024-03-14,NetBanking,Cancelled
459,Karan,27,Female,12646,Jaipur,Chennai,2A,1572,2024-08-15,2024-08-24,Cash,Cancelled
460,Rahul,61,Female,12374,Chennai,Lucknow,3A,1393,2024-04-26,2024-06-17,UPI,Confirmed
461,Neha,49,Female,12480,Pune,Delhi,1A,3244,2024-09-24,2024-11-16,Cash,WL
462,Ravi,42,Male,12815,Delhi,Pune,2A,922,2024-01-05,2024-02-24,Cash,Cancelled
463,Priya,25,Female,12848,Chennai,Varanasi,2A,474,2024-08-11,2024-09-06,Cash,Cancelled
464,Sneha,39,Female,12664,Pune,Lucknow,1A,920,2024-05-02,2024-06-05,UPI,Confirmed
465,Rahul,63,Female,12278,Jaipur,Bangalore,3A,1463,2024-03-10,2024-03-29,UPI,Confirmed
466,Amit,28,Male,12288,Lucknow,Patna,1A,3128,2024-01-26,2024-03-01,UPI,Confirmed
467,Amit,68,Male,12350,Chennai,Lucknow,1A,1671,2024-02-16,2024-02-26,Cash,Cancelled
468,Rahul,23,Male,12272,Chennai,Mumbai,1A,893,2024-01-17,2024-02-08,Card,WL
469,Amit,20,Male,12394,Bangalore,Varanasi,SL,965,2024-07-14,2024-09-06,Cash,Cancelled
470,Priya,65,Female,12697,Lucknow,Kolkata,3A,2727,2024-02-18,2024-03-23,UPI,Cancelled
471,Rahul,37,Female,12653,Lucknow,Varanasi,2A,363,2024-10-08,2024-11-11,Card,Confirmed
472,Ravi,46,Male,12171,Lucknow,Jaipur,SL,1771,2024-04-30,2024-06-10,Card,Confirmed
473,Suman,24,Female,12789,Mumbai,Varanasi,3A,2197,2024-01-22,2024-02-29,UPI,Cancelled
474,Amit,12,Female,12660,Patna,Pune,SL,665,2024-06-22,2024-08-21,Cash,Confirmed
475,Pooja,61,Male,12021,Chennai,Kolkata,3A,1176,2024-06-11,2024-07-17,UPI,WL
476,Ankit,74,Female,12194,Jaipur,Patna,2A,1475,2024-08-12,2024-09-17,Cash,WL
477,Rahul,72,Male,12460,Lucknow,Lucknow,2A,2009,2024-10-10,2024-10-21,UPI,Cancelled
478,Neha,7,Female,12794,Jaipur,Varanasi,2A,3103,2024-09-16,2024-10-11,UPI,Cancelled
479,Ravi,29,Female,12784,Pune,Patna,2A,1471,2024-10-02,2024-11-24,Cash,Cancelled
480,Rahul,71,Male,12044,Patna,Patna,SL,977,2024-06-13,2024-06-21,UPI,WL
481,Amit,78,Female,12673,Bangalore,Pune,2A,351,2024-04-08,2024-04-15,NetBanking,Confirmed
482,Priya,67,Male,12479,Delhi,Kolkata,1A,1661,2024-02-06,2024-02-07,UPI,Cancelled
483,Amit,14,Female,12079,Varanasi,Pune,SL,564,2024-05-16,2024-06-19,Card,Cancelled
484,Priya,72,Male,12583,Patna,Pune,1A,3206,2024-07-16,2024-07-29,UPI,Cancelled
485,Suman,59,Male,12170,Patna,Pune,1A,2217,2024-10-22,2024-11-14,NetBanking,Cancelled
486,Sneha,61,Female,12924,Kolkata,Pune,2A,1672,2024-03-21,2024-04-25,Cash,Cancelled
487,Pooja,35,Male,12384,Pune,Lucknow,2A,2003,2024-08-08,2024-09-30,Cash,WL
488,Amit,41,Male,12530,Patna,Lucknow,SL,1380,2024-01-01,2024-02-17,Card,Confirmed
489,Ankit,75,Male,12096,Delhi,Bangalore,2A,789,2024-06-10,2024-06-12,Card,WL
490,Sneha,36,Male,12262,Lucknow,Mumbai,1A,2480,2024-07-06,2024-09-01,Card,Cancelled
491,Pooja,66,Male,12499,Jaipur,Mumbai,2A,303,2024-02-09,2024-03-27,Cash,Confirmed
492,Pooja,49,Female,12426,Mumbai,Varanasi,SL,2746,2024-01-29,2024-03-28,Cash,Confirmed
493,Amit,45,Male,12334,Pune,Varanasi,3A,356,2024-06-05,2024-07-09,Cash,WL
494,Rahul,33,Female,12296,Chennai,Patna,3A,1526,2024-10-21,2024-11-23,UPI,WL
495,Amit,75,Female,12268,Mumbai,Chennai,1A,3319,2024-10-19,2024-12-06,Card,Confirmed
496,Priya,67,Female,12667,Jaipur,Varanasi,3A,1142,2024-09-03,2024-10-09,UPI,WL
497,Sneha,16,Male,12687,Chennai,Chennai,2A,1576,2024-08-08,2024-08-29,Card,WL
498,Amit,44,Male,12358,Jaipur,Bangalore,3A,1954,2024-06-25,2024-08-03,UPI,Confirmed
499,Pooja,24,Male,12115,Delhi,Varanasi,3A,1328,2024-04-12,2024-05-26,UPI,WL
500,Suman,65,Male,12339,Varanasi,Pune,3A,984,2024-02-26,2024-03-17,NetBanking,Cancelled
501,Neha,7,Female,12596,Pune,Delhi,2A,847,2024-09-04,2024-10-14,UPI,WL
502,Sneha,39,Male,12476,Delhi,Mumbai,1A,2854,2024-04-12,2024-06-02,NetBanking,Cancelled
503,Rahul,7,Female,12888,Chennai,Varanasi,1A,2232,2024-07-03,2024-08-28,UPI,WL
504,Sneha,73,Male,12190,Varanasi,Pune,1A,2446,2024-09-05,2024-10-31,UPI,Confirmed
505,Karan,44,Female,12501,Chennai,Patna,SL,1570,2024-05-06,2024-07-05,NetBanking,WL
506,Karan,40,Male,12640,Lucknow,Chennai,SL,2423,2024-06-03,2024-06-19,NetBanking,Confirmed
507,Ravi,22,Male,12747,Chennai,Pune,3A,1859,2024-03-18,2024-04-09,Card,Cancelled
508,Ankit,47,Female,12555,Patna,Varanasi,3A,2529,2024-03-19,2024-04-16,Card,Confirmed
509,Karan,22,Female,12930,Patna,Jaipur,3A,1450,2024-06-07,2024-07-22,UPI,Cancelled
510,Rahul,28,Female,12859,Patna,Delhi,2A,1845,2024-09-29,2024-11-15,Cash,WL
511,Ankit,24,Male,12109,Patna,Patna,SL,3272,2024-08-14,2024-10-01,NetBanking,Cancelled
512,Priya,34,Male,12703,Delhi,Kolkata,SL,2968,2024-10-17,2024-11-26,Cash,Confirmed
513,Sneha,65,Female,12188,Chennai,Bangalore,1A,713,2024-09-14,2024-11-08,Card,Confirmed
514,Ravi,6,Female,12973,Chennai,Varanasi,3A,3253,2024-04-25,2024-04-28,Card,Confirmed
515,Suman,67,Female,12887,Bangalore,Varanasi,1A,1808,2024-03-31,2024-05-30,UPI,Cancelled
516,Pooja,55,Male,12533,Mumbai,Bangalore,1A,323,2024-07-13,2024-08-29,Card,Cancelled
517,Amit,76,Female,12528,Delhi,Varanasi,2A,1950,2024-10-02,2024-10-28,Cash,WL
518,Neha,59,Female,12627,Delhi,Pune,3A,2048,2024-05-26,2024-06-25,Cash,Confirmed
519,Neha,79,Male,12402,Chennai,Kolkata,1A,252,2024-09-13,2024-09-21,Card,WL
520,Suman,16,Female,12331,Patna,Mumbai,SL,617,2024-04-13,2024-06-09,Cash,Cancelled
