OrderID,OrderDate,CustomerCity,Product,Category,Quantity,UnitPrice,TotalAmount,PaymentMode,OrderStatus
1,2024-10-19,Jaipur,Mobile,Electronics,1,56715,56715,Cash,Cancelled
2,2024-05-22,Jaipur,Camera,Electronics,2,5009,10018,Card,Returned
3,2024-07-03,Bangalore,Camera,Accessories,1,55602,55602,Cash,Cancelled
4,2024-05-14,Hyderabad,Camera,Electronics,4,23394,93576,Cash,Delivered
5,2024-08-13,Delhi,Mobile,Electronics,5,49683,248415,Card,Delivered
6,2024-06-04,Chennai,Camera,Accessories,5,48491,242455,Cash,Cancelled
7,2024-02-03,Bangalore,Smartwatch,Accessories,5,43057,215285,Card,Delivered
8,2024-01-17,Mumbai,Laptop,Electronics,4,39974,159896,Cash,Returned
9,2024-07-10,Mumbai,Laptop,Accessories,5,20116,100580,Card,Delivered
10,2024-06-27,Jaipur,Smartwatch,Accessories,4,54774,219096,Card,Returned
11,2024-09-24,Hyderabad,Mouse,Accessories,2,16160,32320,Card,Returned
12,2024-03-30,Kolkata,Camera,Accessories,2,63432,126864,Card,Delivered
13,2024-10-05,Kolkata,Smartwatch,Electronics,1,43970,43970,NetBanking,Cancelled
14,2024-07-26,Pune,Mouse,Electronics,5,21239,106195,NetBanking,Returned
15,2024-09-04,Mumbai,Headphones,Accessories,5,66020,330100,Cash,Cancelled
16,2024-03-10,Pune,Mouse,Electronics,4,46274,185096,Cash,Delivered
17,2024-07-31,Jaipur,Laptop,Electronics,1,870,870,NetBanking,Delivered
18,2024-03-18,Jaipur,Headphones,Accessories,1,60016,60016,Cash,Returned
19,2024-08-16,Jaipur,Keyboard,Accessories,3,34463,103389,Card,Returned
20,2024-05-01,Chennai,Mouse,Electronics,3,4812,14436,UPI,Cancelled
21,2024-08-10,Mumbai,Mobile,Electronics,2,38420,76840,NetBanking,Delivered
22,2024-09-01,Pune,Smartwatch,Accessories,2,47814,95628,Card,Delivered
23,2024-10-29,Chennai,Laptop,Accessories,2,56434,112868,Cash,Returned
24,2024-09-24,Chennai,Tablet,Accessories,4,59170,236680,UPI,Returned
25,2024-11-17,Pune,Keyboard,Accessories,1,27971,27971,Card,Delivered
26,2024-08-04,Kolkata,Tablet,Accessories,1,7741,7741,Cash,Cancelled
27,2024-04-09,Hyderabad,Mouse,Accessories,3,61668,185004,Cash,Cancelled
28,2024-11-23,Hyderabad,Mouse,Accessories,3,46241,138723,Cash,Returned
29,2024-09-02,Pune,Headphones,Accessories,1,48605,48605,UPI,Returned
30,2024-06-05,Kolkata,Laptop,Accessories,1,43447,43447,NetBanking,Cancelled
31,2024-11-06,Bangalore,Tablet,Electronics,2,32068,64136,UPI,Delivered
32,2024-10-18,Chennai,Mouse,Electronics,1,55767,55767,Cash,Delivered
33,2024-06-22,Kolkata,Mobile,Electronics,5,25506,127530,UPI,Returned
34,2024-07-06,Bangalore,Headphones,Electronics,4,43040,172160,NetBanking,Delivered
35,2024-01-16,Kolkata,Laptop,Accessories,5,67493,337465,Cash,Returned
36,2024-06-27,Jaipur,Mouse,Accessories,1,19572,19572,Cash,Returned
37,2024-03-30,Kolkata,Mouse,Accessories,3,56019,168057,Card,Delivered
38,2024-08-09,Bangalore,Smartwatch,Accessories,2,5919,11838,NetBanking,Returned
39,2024-07-11,Bangalore,Tablet,Electronics,1,7294,7294,UPI,Returned
40,2024-03-31,Bangalore,Tablet,Electronics,1,47746,47746,Cash,Returned
41,2024-08-07,Chennai,Mouse,Electronics,1,45764,45764,Card,Cancelled
42,2024-08-27,Bangalore,Headphones,Accessories,3,5392,16176,Card,Returned
43,2024-11-24,Pune,Laptop,Electronics,4,12859,51436,UPI,Cancelled
44,2024-11-23,Mumbai,Camera,Accessories,3,38506,115518,Card,Returned
45,2024-05-28,Pune,Smartwatch,Electronics,1,21216,21216,Cash,Delivered
46,2024-10-22,Hyderabad,Camera,Electronics,4,29053,116212,Card,Returned
47,2024-10-12,Mumbai,Keyboard,Electronics,5,3921,19605,UPI,Returned
48,2024-08-08,Delhi,Camera,Accessories,3,23855,71565,Cash,Delivered
49,2024-01-10,Hyderabad,Smartwatch,Electronics,2,17186,34372,Card,Cancelled
50,2024-11-10,Delhi,Headphones,Electronics,5,55384,276920,UPI,Delivered
51,2024-01-29,Pune,Laptop,Electronics,2,16836,33672,Cash,Returned
52,2024-04-03,Delhi,Headphones,Electronics,5,55779,278895,Cash,Returned
53,2024-08-23,Bangalore,Mobile,Accessories,4,44515,178060,Cash,Cancelled
54,2024-07-05,Hyderabad,Tablet,Electronics,1,18724,18724,UPI,Cancelled
55,2024-01-07,Mumbai,Tablet,Electronics,2,36941,73882,UPI,Returned
56,2024-03-02,Delhi,Tablet,Accessories,3,44361,133083,Card,Returned
57,2024-01-31,Chennai,Mobile,Electronics,1,8407,8407,Card,Cancelled
58,2024-08-02,Kolkata,Laptop,Accessories,2,4028,8056,NetBanking,Cancelled
59,2024-08-25,Delhi,Keyboard,Electronics,2,18947,37894,Cash,Returned
60,2024-04-01,Jaipur,Headphones,Electronics,3,66909,200727,Cash,Returned
61,2024-07-18,Hyderabad,Smartwatch,Accessories,2,62059,124118,NetBanking,Returned
62,2024-10-15,Bangalore,Camera,Accessories,5,50259,251295,Card,Delivered
63,2024-08-22,Delhi,Keyboard,Electronics,1,44346,44346,UPI,Delivered
64,2024-01-18,Pune,Smartwatch,Accessories,1,48484,48484,UPI,Delivered
65,2024-02-04,Pune,Tablet,Electronics,3,60268,180804,Card,Returned
66,2024-07-23,Chennai,Headphones,Accessories,5,25735,128675,Card,Returned
67,2024-11-02,Chennai,Laptop,Electronics,4,51081,204324,Card,Delivered
68,2024-07-21,Chennai,Mobile,Accessories,4,12130,48520,Card,Returned
69,2024-03-28,Chennai,Smartwatch,Accessories,3,50872,152616,NetBanking,Returned
70,2024-05-12,Jaipur,Keyboard,Accessories,2,8305,16610,NetBanking,Delivered
71,2024-06-15,Delhi,Keyboard,Accessories,3,66234,198702,Cash,Delivered
72,2024-02-29,Mumbai,Laptop,Accessories,4,56809,227236,Card,Delivered
73,2024-07-12,Delhi,Tablet,Accessories,5,10999,54995,UPI,Cancelled
74,2024-02-29,Chennai,Keyboard,Electronics,4,62989,251956,Cash,Cancelled
75,2024-11-20,Pune,Tablet,Electronics,5,65132,325660,Cash,Delivered
76,2024-04-26,Jaipur,Keyboard,Accessories,4,65975,263900,Cash,Returned
77,2024-01-12,Jaipur,Tablet,Electronics,5,48680,243400,Card,Delivered
78,2024-07-10,Delhi,Mobile,Electronics,5,21551,107755,Card,Cancelled
79,2024-06-06,Delhi,Headphones,Accessories,2,26153,52306,NetBanking,Delivered
80,2024-09-15,Delhi,Headphones,Accessories,2,5167,10334,Cash,Cancelled
81,2024-01-12,Hyderabad,Mobile,Electronics,4,47214,188856,NetBanking,Delivered
82,2024-03-13,Jaipur,Tablet,Accessories,2,15486,30972,NetBanking,Returned
83,2024-08-06,Pune,Mobile,Electronics,3,39122,117366,Cash,Returned
84,2024-07-03,Jaipur,Camera,Electronics,4,57810,231240,Card,Returned
85,2024-04-07,Hyderabad,Smartwatch,Electronics,5,42669,213345,Cash,Returned
86,2024-01-22,Jaipur,Camera,Accessories,2,21667,43334,UPI,Cancelled
87,2024-05-07,Jaipur,Mobile,Accessories,2,10653,21306,Cash,Delivered
88,2024-11-09,Bangalore,Headphones,Accessories,1,32605,32605,Cash,Returned
89,2024-10-13,Chennai,Keyboard,Accessories,2,55976,111952,Card,Delivered
90,2024-07-03,Chennai,Mobile,Electronics,4,17601,70404,Card,Delivered
91,2024-07-20,Chennai,Camera,Accessories,5,894,4470,Cash,Returned
92,2024-11-16,Chennai,Keyboard,Accessories,2,62031,124062,Cash,Returned
93,2024-02-24,Mumbai,Smartwatch,Electronics,4,68241,272964,UPI,Returned
94,2024-02-03,Hyderabad,Camera,Accessories,3,32983,98949,NetBanking,Delivered
95,2024-06-28,Mumbai,Mobile,Accessories,5,17291,86455,UPI,Cancelled
96,2024-11-10,Bangalore,Headphones,Accessories,5,3509,17545,Card,Cancelled
97,2024-08-24,Mumbai,Camera,Accessories,1,23010,23010,Card,Returned
98,2024-01-30,Delhi,Mobile,Electronics,4,68600,274400,Cash,Returned
99,2024-07-29,Kolkata,Tablet,Electronics,5,41201,206005,Cash,Returned
100,2024-06-19,Hyderabad,Tablet,Accessories,3,9649,28947,UPI,Cancelled
101,2024-11-16,Jaipur,Keyboard,Accessories,4,41566,166264,Card,Cancelled
102,2024-02-29,Delhi,Mouse,Accessories,2,22648,45296,Cash,Cancelled
103,2024-03-22,Bangalore,Mobile,Electronics,3,25232,75696,Card,Returned
104,2024-10-01,Delhi,Tablet,Accessories,5,20325,101625,Cash,Cancelled
105,2024-06-06,Chennai,Camera,Electronics,3,9944,29832,UPI,Returned
106,2024-10-15,Chennai,Tablet,Accessories,2,58529,117058,UPI,Returned
107,2024-08-08,Delhi,Camera,Accessories,3,61762,185286,Cash,Cancelled
108,2024-05-24,Delhi,Camera,Accessories,5,64405,322025,Cash,Delivered
109,2024-04-27,Kolkata,Tablet,Electronics,4,57690,230760,NetBanking,Delivered
110,2024-02-16,Pune,Smartwatch,Electronics,1,34213,34213,Card,Delivered
111,2024-09-14,Bangalore,Camera,Electronics,5,38160,190800,UPI,Delivered
112,2024-06-10,Jaipur,Smartwatch,Accessories,1,45257,45257,UPI,Returned
113,2024-09-02,Delhi,Tablet,Electronics,5,18103,90515,UPI,Delivered
114,2024-09-11,Delhi,Keyboard,Electronics,3,39890,119670,Card,Cancelled
115,2024-01-05,Pune,Mobile,Electronics,4,57249,228996,Card,Returned
116,2024-05-21,Jaipur,Keyboard,Electronics,4,25652,102608,NetBanking,Returned
117,2024-04-24,Delhi,Headphones,Electronics,3,5242,15726,Card,Delivered
118,2024-05-19,Jaipur,Keyboard,Electronics,2,10384,20768,Cash,Cancelled
119,2024-01-02,Chennai,Camera,Electronics,2,23696,47392,NetBanking,Delivered
120,2024-09-22,Pune,Laptop,Electronics,5,64627,323135,Cash,Delivered
121,2024-06-03,Jaipur,Tablet,Electronics,2,65477,130954,Cash,Cancelled
122,2024-01-24,Mumbai,Camera,Accessories,3,9320,27960,UPI,Delivered
123,2024-10-12,Delhi,Smartwatch,Accessories,2,17330,34660,UPI,Delivered
124,2024-06-02,Kolkata,Camera,Accessories,1,54765,54765,Cash,Cancelled
125,2024-07-17,Jaipur,Smartwatch,Electronics,1,573,573,Cash,Returned
126,2024-06-30,Delhi,Camera,Accessories,3,5115,15345,NetBanking,Cancelled
127,2024-03-28,Jaipur,Laptop,Accessories,2,45674,91348,Card,Cancelled
128,2024-01-27,Hyderabad,Laptop,Accessories,3,1451,4353,UPI,Delivered
129,2024-10-20,Chennai,Camera,Electronics,1,36267,36267,NetBanking,Returned
130,2024-07-13,Jaipur,Camera,Electronics,5,51734,258670,Card,Cancelled
131,2024-04-07,Hyderabad,Keyboard,Electronics,3,45950,137850,Cash,Delivered
132,2024-04-25,Hyderabad,Smartwatch,Accessories,4,43756,175024,UPI,Delivered
133,2024-04-27,Bangalore,Mobile,Electronics,4,28052,112208,NetBanking,Cancelled
134,2024-02-25,Mumbai,Mobile,Accessories,2,8182,16364,Card,Returned
135,2024-02-04,Jaipur,Tablet,Electronics,5,57399,286995,UPI,Returned
136,2024-02-22,Pune,Tablet,Electronics,2,10731,21462,NetBanking,Returned
137,2024-02-28,Chennai,Mouse,Electronics,3,31125,93375,Cash,Returned
138,2024-06-14,Pune,Mobile,Accessories,3,26875,80625,Card,Cancelled
139,2024-05-10,Bangalore,Tablet,Accessories,2,48286,96572,Card,Cancelled
140,2024-07-25,Delhi,Headphones,Accessories,1,34487,34487,UPI,Delivered
141,2024-09-22,Chennai,Laptop,Electronics,2,36401,72802,UPI,Returned
142,2024-08-02,Delhi,Laptop,Electronics,4,66060,264240,Cash,Cancelled
143,2024-01-26,Kolkata,Tablet,Accessories,2,55837,111674,Cash,Delivered
144,2024-11-07,Chennai,Laptop,Electronics,2,21797,43594,Card,Returned
145,2024-05-19,Kolkata,Mobile,Electronics,3,33292,99876,Card,Cancelled
146,2024-05-08,Pune,Mouse,Accessories,4,56019,224076,Cash,Cancelled
147,2024-10-14,Pune,Mobile,Electronics,2,42045,84090,Cash,Cancelled
148,2024-03-27,Chennai,Mobile,Accessories,1,59305,59305,Card,Delivered
149,2024-05-03,Chennai,Camera,Electronics,1,21354,21354,UPI,Returned
150,2024-08-27,Jaipur,Laptop,Electronics,2,19003,38006,Cash,Delivered
151,2024-01-30,Bangalore,Smartwatch,Electronics,2,22946,45892,Cash,Delivered
152,2024-02-29,Delhi,Laptop,Accessories,1,10147,10147,Cash,Delivered
153,2024-10-31,Mumbai,Smartwatch,Electronics,5,28037,140185,NetBanking,Delivered
154,2024-09-28,Chennai,Smartwatch,Accessories,3,42001,126003,Card,Returned
155,2024-08-16,Jaipur,Mobile,Accessories,4,39776,159104,UPI,Cancelled
156,2024-09-26,Pune,Keyboard,Accessories,3,14240,42720,Cash,Delivered
157,2024-06-01,Bangalore,Laptop,Electronics,2,45590,91180,Cash,Returned
158,2024-05-17,Delhi,Camera,Accessories,2,32037,64074,Cash,Cancelled
159,2024-09-22,Kolkata,Keyboard,Electronics,1,34940,34940,UPI,Returned
160,2024-05-29,Chennai,Mobile,Electronics,2,40254,80508,Card,Delivered
161,2024-01-05,Hyderabad,Mouse,Electronics,1,34862,34862,NetBanking,Delivered
162,2024-10-26,Kolkata,Laptop,Accessories,5,53338,266690,Cash,Cancelled
163,2024-08-03,Kolkata,Camera,Electronics,5,6734,33670,UPI,Cancelled
164,2024-10-04,Delhi,Keyboard,Electronics,5,67585,337925,Cash,Returned
165,2024-03-21,Hyderabad,Laptop,Electronics,4,10540,42160,NetBanking,Cancelled
166,2024-06-04,Mumbai,Keyboard,Accessories,5,32364,161820,NetBanking,Delivered
167,2024-07-13,Mumbai,Laptop,Accessories,1,57279,57279,Cash,Cancelled
168,2024-06-20,Delhi,Mouse,Accessories,2,5832,11664,Cash,Returned
169,2024-05-13,Pune,Tablet,Electronics,2,17870,35740,NetBanking,Returned
170,2024-08-23,Jaipur,Mobile,Accessories,5,49417,247085,Card,Returned
171,2024-05-16,Bangalore,Laptop,Electronics,2,27173,54346,UPI,Cancelled
172,2024-06-17,Kolkata,Laptop,Accessories,3,58037,174111,Card,Returned
173,2024-02-18,Hyderabad,Laptop,Accessories,5,4864,24320,NetBanking,Returned
174,2024-07-06,Mumbai,Tablet,Accessories,2,60619,121238,Cash,Cancelled
175,2024-02-03,Kolkata,Mouse,Accessories,1,67908,67908,NetBanking,Cancelled
176,2024-11-26,Chennai,Mobile,Electronics,2,49347,98694,Cash,Delivered
177,2024-10-15,Chennai,Camera,Accessories,1,7040,7040,Cash,Returned
178,2024-01-07,Delhi,Laptop,Accessories,4,55717,222868,Cash,Delivered
179,2024-04-26,Bangalore,Mobile,Electronics,4,57647,230588,NetBanking,Cancelled
180,2024-07-23,Bangalore,Laptop,Electronics,5,62440,312200,UPI,Delivered
181,2024-04-24,Delhi,Keyboard,Accessories,5,602,3010,NetBanking,Returned
182,2024-08-22,Kolkata,Laptop,Electronics,5,67779,338895,NetBanking,Cancelled
183,2024-08-18,Pune,Mouse,Electronics,4,56286,225144,Cash,Returned
184,2024-05-22,Bangalore,Headphones,Electronics,5,20479,102395,NetBanking,Delivered
185,2024-01-21,Mumbai,Keyboard,Electronics,1,20441,20441,Cash,Delivered
186,2024-11-02,Delhi,Laptop,Electronics,1,64525,64525,Card,Delivered
187,2024-07-15,Pune,Laptop,Electronics,3,10435,31305,Cash,Cancelled
188,2024-11-03,Kolkata,Mouse,Accessories,5,66065,330325,NetBanking,Cancelled
189,2024-11-15,Kolkata,Laptop,Electronics,3,44872,134616,Card,Cancelled
190,2024-03-08,Kolkata,Laptop,Accessories,1,41270,41270,Card,Cancelled
191,2024-07-13,Mumbai,Keyboard,Accessories,5,68406,342030,Card,Delivered
192,2024-10-05,Chennai,Keyboard,Accessories,1,21270,21270,Cash,Cancelled
193,2024-03-20,Jaipur,Keyboard,Electronics,4,40751,163004,Cash,Returned
194,2024-01-24,Mumbai,Mobile,Accessories,4,9673,38692,Cash,Returned
195,2024-02-12,Delhi,Keyboard,Electronics,2,51810,103620,Cash,Delivered
196,2024-06-12,Jaipur,Mobile,Accessories,4,15000,60000,NetBanking,Cancelled
197,2024-09-26,Delhi,Smartwatch,Electronics,4,60191,240764,Cash,Delivered
198,2024-11-08,Jaipur,Headphones,Accessories,2,62028,124056,NetBanking,Cancelled
199,2024-05-19,Bangalore,Tablet,Electronics,4,41028,164112,Cash,Cancelled
200,2024-02-07,Mumbai,Mouse,Electronics,3,54773,164319,Card,Cancelled
201,2024-04-23,Jaipur,Laptop,Accessories,5,9281,46405,Card,Returned
202,2024-11-26,Hyderabad,Laptop,Electronics,3,17032,51096,NetBanking,Cancelled
203,2024-09-23,Hyderabad,Mobile,Accessories,4,27454,109816,Card,Cancelled
204,2024-01-10,Bangalore,Camera,Accessories,5,1820,9100,UPI,Delivered
205,2024-09-18,Pune,Mobile,Electronics,1,54092,54092,UPI,Delivered
206,2024-02-21,Jaipur,Laptop,Accessories,3,36685,110055,Cash,Cancelled
207,2024-03-04,Bangalore,Headphones,Electronics,5,23274,116370,Card,Returned
208,2024-07-18,Kolkata,Tablet,Electronics,1,65135,65135,Cash,Returned
209,2024-04-28,Mumbai,Smartwatch,Electronics,3,42725,128175,NetBanking,Returned
210,2024-09-08,Chennai,Smartwatch,Accessories,1,65875,65875,NetBanking,Delivered
211,2024-07-15,Chennai,Keyboard,Accessories,5,67619,338095,UPI,Returned
212,2024-10-04,Hyderabad,Tablet,Electronics,4,61392,245568,NetBanking,Returned
213,2024-07-13,Jaipur,Mouse,Accessories,4,63542,254168,UPI,Delivered
214,2024-05-19,Pune,Laptop,Accessories,2,32252,64504,Cash,Cancelled
215,2024-07-01,Hyderabad,Laptop,Accessories,4,7583,30332,UPI,Cancelled
216,2024-11-13,Chennai,Camera,Electronics,2,63924,127848,Card,Delivered
217,2024-05-16,Chennai,Mouse,Accessories,5,2512,12560,NetBanking,Returned
218,2024-05-21,Delhi,Camera,Accessories,4,13924,55696,Cash,Returned
219,2024-05-29,Pune,Mobile,Accessories,3,35579,106737,NetBanking,Cancelled
220,2024-01-31,Hyderabad,Tablet,Accessories,5,21688,108440,UPI,Cancelled
221,2024-06-05,Mumbai,Keyboard,Accessories,1,58998,58998,Cash,Cancelled
222,2024-07-03,Pune,Mouse,Accessories,1,5082,5082,Card,Delivered
223,2024-03-23,Bangalore,Camera,Accessories,2,62348,124696,Card,Cancelled
224,2024-02-27,Jaipur,Smartwatch,Accessories,1,4984,4984,Cash,Cancelled
225,2024-02-17,Pune,Mouse,Accessories,2,22681,45362,NetBanking,Delivered
226,2024-10-22,Mumbai,Headphones,Accessories,3,40027,120081,NetBanking,Cancelled
227,2024-10-29,Chennai,Headphones,Accessories,1,47266,47266,UPI,Cancelled
228,2024-09-17,Bangalore,Camera,Accessories,5,5837,29185,UPI,Cancelled
229,2024-08-30,Hyderabad,Camera,Electronics,2,53686,107372,NetBanking,Delivered
230,2024-02-16,Bangalore,Tablet,Accessories,1,45195,45195,UPI,Delivered
231,2024-08-02,Hyderabad,Headphones,Electronics,3,55767,167301,NetBanking,Cancelled
232,2024-04-27,Jaipur,Laptop,Electronics,5,36858,184290,NetBanking,Returned
233,2024-10-19,Pune,Tablet,Electronics,3,64920,194760,Cash,Cancelled
234,2024-07-24,Mumbai,Keyboard,Accessories,5,44679,223395,Card,Returned
235,2024-01-27,Kolkata,Camera,Accessories,2,27169,54338,NetBanking,Cancelled
236,2024-11-01,Mumbai,Camera,Electronics,1,10248,10248,UPI,Delivered
237,2024-04-04,Pune,Tablet,Accessories,5,44392,221960,NetBanking,Delivered
238,2024-08-23,Mumbai,Camera,Accessories,2,47937,95874,Cash,Cancelled
239,2024-06-11,Delhi,Keyboard,Electronics,5,28818,144090,Card,Delivered
240,2024-06-14,Pune,Mobile,Accessories,5,59223,296115,NetBanking,Returned
241,2024-08-09,Kolkata,Tablet,Electronics,5,47557,237785,Cash,Returned
242,2024-01-28,Delhi,Headphones,Electronics,1,27414,27414,Cash,Returned
243,2024-03-04,Jaipur,Mouse,Electronics,1,37934,37934,UPI,Delivered
244,2024-01-04,Delhi,Keyboard,Accessories,2,31434,62868,UPI,Returned
245,2024-02-05,Mumbai,Camera,Electronics,3,32469,97407,Card,Returned
246,2024-08-22,Mumbai,Mobile,Accessories,4,2978,11912,NetBanking,Returned
247,2024-10-04,Kolkata,Keyboard,Accessories,1,9944,9944,Card,Cancelled
248,2024-08-24,Mumbai,Headphones,Accessories,5,60628,303140,UPI,Delivered
249,2024-01-12,Jaipur,Mouse,Electronics,1,48424,48424,UPI,Cancelled
250,2024-03-16,Pune,Laptop,Accessories,2,40527,81054,UPI,Returned
251,2024-08-26,Bangalore,Keyboard,Electronics,4,3790,15160,Cash,Delivered
252,2024-11-06,Hyderabad,Smartwatch,Accessories,3,61303,183909,NetBanking,Returned
253,2024-04-26,Bangalore,Smartwatch,Accessories,3,11425,34275,UPI,Cancelled
254,2024-04-20,Bangalore,Laptop,Accessories,5,55261,276305,Card,Cancelled
255,2024-02-10,Pune,Mouse,Electronics,2,26395,52790,UPI,Returned
256,2024-09-17,Bangalore,Laptop,Accessories,4,23365,93460,Card,Delivered
257,2024-10-01,Bangalore,Tablet,Accessories,3,15213,45639,UPI,Delivered
258,2024-01-27,Bangalore,Headphones,Accessories,5,28828,144140,Card,Cancelled
259,2024-08-01,Bangalore,Mouse,Accessories,4,42927,171708,NetBanking,Delivered
260,2024-01-02,Mumbai,Mobile,Electronics,5,30037,150185,Cash,Cancelled
261,2024-05-29,Delhi,Laptop,Accessories,5,55846,279230,Card,Cancelled
262,2024-02-10,Hyderabad,Mobile,Electronics,2,8490,16980,Cash,Cancelled
263,2024-04-07,Delhi,Laptop,Electronics,2,26892,53784,Cash,Returned
264,2024-10-04,Mumbai,Smartwatch,Electronics,3,36491,109473,Card,Delivered
265,2024-02-25,Pune,Camera,Accessories,4,65799,263196,UPI,Delivered
266,2024-04-16,Kolkata,Mobile,Accessories,1,51831,51831,Cash,Cancelled
267,2024-08-15,Chennai,Headphones,Electronics,2,18455,36910,Cash,Cancelled
268,2024-09-23,Mumbai,Mobile,Accessories,5,49196,245980,Cash,Returned
269,2024-07-29,Delhi,Mobile,Accessories,3,28532,85596,NetBanking,Returned
270,2024-08-23,Pune,Mobile,Electronics,1,56938,56938,NetBanking,Cancelled
271,2024-03-25,Chennai,Tablet,Electronics,1,17767,17767,Cash,Delivered
272,2024-11-21,Jaipur,Camera,Accessories,3,10228,30684,Card,Delivered
273,2024-08-21,Bangalore,Keyboard,Accessories,4,58212,232848,Cash,Returned
274,2024-05-08,Hyderabad,Camera,Electronics,4,21922,87688,UPI,Delivered
275,2024-09-13,Chennai,Headphones,Electronics,2,23032,46064,UPI,Cancelled
276,2024-06-16,Jaipur,Mouse,Accessories,4,40805,163220,Card,Returned
277,2024-07-04,Jaipur,Mouse,Accessories,2,3593,7186,Cash,Cancelled
278,2024-11-06,Hyderabad,Mobile,Electronics,5,19830,99150,Card,Cancelled
279,2024-01-21,Mumbai,Laptop,Accessories,4,18590,74360,Card,Delivered
280,2024-10-12,Pune,Smartwatch,Accessories,3,31582,94746,NetBanking,Delivered
281,2024-01-26,Bangalore,Camera,Accessories,4,60473,241892,NetBanking,Delivered
282,2024-04-03,Kolkata,Laptop,Accessories,5,59822,299110,Card,Cancelled
283,2024-06-06,Pune,Mouse,Accessories,2,15312,30624,Cash,Returned
284,2024-07-16,Chennai,Keyboard,Electronics,3,69966,209898,UPI,Delivered
285,2024-05-08,Hyderabad,Laptop,Electronics,1,35524,35524,UPI,Delivered
286,2024-04-03,Kolkata,Headphones,Accessories,4,9232,36928,Card,Delivered
287,2024-06-23,Kolkata,Smartwatch,Electronics,4,66684,266736,NetBanking,Returned
288,2024-01-04,Kolkata,Mobile,Accessories,3,11953,35859,UPI,Returned
289,2024-02-08,Pune,Smartwatch,Accessories,5,47400,237000,NetBanking,Returned
290,2024-03-24,Pune,Tablet,Accessories,1,43914,43914,UPI,Returned
291,2024-03-30,Jaipur,Camera,Electronics,4,53537,214148,Cash,Returned
292,2024-03-05,Delhi,Headphones,Electronics,5,50161,250805,Card,Cancelled
293,2024-11-25,Delhi,Camera,Accessories,5,35264,176320,UPI,Delivered
294,2024-02-07,Pune,Headphones,Electronics,2,43934,87868,UPI,Delivered
295,2024-03-06,Kolkata,Mobile,Accessories,1,54430,54430,Cash,Cancelled
296,2024-07-06,Hyderabad,Keyboard,Accessories,1,18152,18152,Cash,Returned
297,2024-03-23,Hyderabad,Mouse,Electronics,2,15137,30274,Card,Cancelled
298,2024-07-24,Mumbai,Headphones,Accessories,2,3234,6468,UPI,Delivered
299,2024-09-27,Delhi,Camera,Accessories,2,63249,126498,UPI,Cancelled
300,2024-08-03,Hyderabad,Smartwatch,Accessories,2,1154,2308,Cash,Cancelled
301,2024-09-12,Chennai,Laptop,Electronics,2,55609,111218,Card,Returned
302,2024-10-30,Bangalore,Keyboard,Electronics,5,63309,316545,UPI,Delivered
303,2024-07-21,Hyderabad,Headphones,Accessories,3,12238,36714,Card,Delivered
304,2024-09-19,Jaipur,Mouse,Electronics,2,52319,104638,Cash,Cancelled
305,2024-01-03,Chennai,Camera,Accessories,2,33695,67390,Card,Delivered
306,2024-02-10,Pune,Keyboard,Accessories,5,14712,73560,UPI,Cancelled
307,2024-02-02,Delhi,Camera,Accessories,5,61824,309120,Cash,Returned
308,2024-03-26,Delhi,Tablet,Electronics,4,69983,279932,UPI,Delivered
309,2024-07-27,Mumbai,Mouse,Electronics,5,3392,16960,Card,Cancelled
310,2024-10-20,Chennai,Camera,Electronics,3,42875,128625,UPI,Cancelled
311,2024-01-29,Kolkata,Smartwatch,Accessories,3,35220,105660,NetBanking,Delivered
312,2024-02-10,Kolkata,Headphones,Accessories,2,19912,39824,Card,Cancelled
313,2024-04-14,Hyderabad,Mobile,Electronics,1,28810,28810,Cash,Delivered
314,2024-08-15,Jaipur,Keyboard,Electronics,1,11552,11552,Card,Delivered
315,2024-04-15,Chennai,Camera,Electronics,2,17264,34528,Cash,Returned
316,2024-05-29,Bangalore,Mouse,Accessories,3,47646,142938,UPI,Cancelled
317,2024-11-25,Chennai,Keyboard,Electronics,5,35241,176205,Card,Returned
318,2024-06-26,Pune,Headphones,Electronics,3,17256,51768,Cash,Delivered
319,2024-02-07,Jaipur,Mouse,Accessories,1,5797,5797,NetBanking,Cancelled
320,2024-06-14,Delhi,Tablet,Accessories,3,45158,135474,Cash,Cancelled
321,2024-04-11,Delhi,Smartwatch,Accessories,4,25883,103532,Card,Cancelled
322,2024-02-24,Kolkata,Camera,Accessories,1,53982,53982,UPI,Delivered
323,2024-11-22,Bangalore,Laptop,Accessories,1,56989,56989,UPI,Returned
324,2024-04-01,Chennai,Laptop,Electronics,2,16269,32538,Cash,Returned
325,2024-01-17,Jaipur,Mouse,Accessories,5,61492,307460,Cash,Cancelled
326,2024-09-09,Mumbai,Smartwatch,Accessories,1,20674,20674,UPI,Delivered
327,2024-08-03,Delhi,Smartwatch,Electronics,1,29786,29786,Cash,Returned
328,2024-03-18,Hyderabad,Tablet,Accessories,1,58617,58617,NetBanking,Cancelled
329,2024-08-03,Bangalore,Laptop,Accessories,3,30015,90045,NetBanking,Returned
330,2024-06-06,Jaipur,Mobile,Electronics,1,13791,13791,Card,Returned
331,2024-09-30,Chennai,Camera,Electronics,4,7007,28028,UPI,Returned
332,2024-01-24,Kolkata,Smartwatch,Accessories,3,21926,65778,NetBanking,Delivered
333,2024-09-18,Bangalore,Camera,Accessories,2,22646,45292,Card,Returned
334,2024-10-29,Jaipur,Mouse,Electronics,1,34315,34315,Cash,Returned
335,2024-02-20,Delhi,Laptop,Accessories,2,67871,135742,Cash,Returned
336,2024-04-18,Mumbai,Keyboard,Electronics,3,57754,173262,UPI,Returned
337,2024-05-16,Hyderabad,Mouse,Accessories,3,33961,101883,Cash,Cancelled
338,2024-08-03,Bangalore,Keyboard,Electronics,2,63879,127758,Cash,Cancelled
339,2024-11-17,Chennai,Keyboard,Accessories,3,54683,164049,Cash,Returned
340,2024-09-10,Pune,Smartwatch,Accessories,1,64197,64197,Card,Delivered
341,2024-08-08,Hyderabad,Headphones,Accessories,3,38333,114999,Card,Cancelled
342,2024-06-26,Mumbai,Smartwatch,Accessories,3,16712,50136,Card,Cancelled
343,2024-01-14,Chennai,Camera,Electronics,4,32032,128128,Card,Delivered
344,2024-03-12,Jaipur,Laptop,Accessories,1,22138,22138,Card,Cancelled
345,2024-08-29,Hyderabad,Tablet,Accessories,4,66612,266448,UPI,Delivered
346,2024-05-11,Delhi,Laptop,Accessories,4,51635,206540,Card,Returned
347,2024-07-23,Kolkata,Headphones,Electronics,3,4367,13101,NetBanking,Cancelled
348,2024-01-26,Hyderabad,Smartwatch,Accessories,2,55285,110570,Card,Returned
349,2024-04-28,Mumbai,Laptop,Electronics,5,42639,213195,Cash,Delivered
350,2024-07-24,Jaipur,Smartwatch,Accessories,3,38792,116376,Cash,Cancelled
351,2024-07-27,Chennai,Smartwatch,Electronics,5,55972,279860,Card,Delivered
352,2024-08-03,Pune,Smartwatch,Accessories,2,52537,105074,Card,Cancelled
353,2024-11-23,Kolkata,Laptop,Electronics,1,47941,47941,Card,Returned
354,2024-10-17,Delhi,Laptop,Electronics,4,9715,38860,Card,Delivered
355,2024-08-23,Pune,Keyboard,Electronics,3,47615,142845,Cash,Returned
356,2024-11-20,Chennai,Mobile,Electronics,2,3246,6492,Card,Cancelled
357,2024-07-31,Jaipur,Keyboard,Electronics,4,22631,90524,UPI,Delivered
358,2024-05-30,Bangalore,Keyboard,Electronics,3,19182,57546,Cash,Cancelled
359,2024-01-29,Kolkata,Tablet,Electronics,4,40554,162216,NetBanking,Delivered
360,2024-03-08,Pune,Tablet,Accessories,4,42230,168920,NetBanking,Returned
361,2024-09-19,Pune,Mobile,Accessories,3,49898,149694,Cash,Cancelled
362,2024-04-11,Mumbai,Headphones,Electronics,1,19839,19839,Cash,Delivered
363,2024-01-04,Hyderabad,Tablet,Electronics,2,63118,126236,Card,Cancelled
364,2024-10-29,Jaipur,Headphones,Electronics,1,51112,51112,Cash,Returned
365,2024-02-07,Mumbai,Keyboard,Electronics,4,11323,45292,UPI,Returned
366,2024-06-15,Chennai,Tablet,Electronics,4,17970,71880,Card,Delivered
367,2024-01-19,Delhi,Mobile,Electronics,4,54414,217656,Card,Delivered
368,2024-09-26,Mumbai,Smartwatch,Electronics,3,27820,83460,Card,Delivered
369,2024-10-10,Kolkata,Laptop,Electronics,5,39703,198515,Card,Returned
370,2024-07-12,Chennai,Camera,Electronics,3,16341,49023,UPI,Cancelled
371,2024-03-06,Hyderabad,Headphones,Electronics,4,28145,112580,Card,Delivered
372,2024-04-26,Kolkata,Smartwatch,Accessories,1,44713,44713,Cash,Cancelled
373,2024-09-14,Kolkata,Mobile,Electronics,3,25077,75231,Card,Delivered
374,2024-08-30,Hyderabad,Headphones,Electronics,3,17418,52254,Cash,Delivered
375,2024-10-18,Hyderabad,Laptop,Accessories,4,46680,186720,Cash,Delivered
376,2024-09-26,Chennai,Camera,Electronics,1,36266,36266,UPI,Returned
377,2024-10-07,Hyderabad,Mobile,Accessories,1,22315,22315,Cash,Returned
378,2024-07-10,Pune,Mouse,Accessories,1,2944,2944,Card,Returned
379,2024-01-15,Pune,Smartwatch,Electronics,1,19344,19344,Cash,Cancelled
380,2024-11-16,Hyderabad,Mobile,Accessories,2,36989,73978,UPI,Returned
381,2024-09-04,Delhi,Camera,Accessories,5,34955,174775,NetBanking,Returned
382,2024-05-12,Bangalore,Headphones,Electronics,1,44911,44911,Card,Returned
383,2024-04-22,Kolkata,Mobile,Accessories,3,42089,126267,UPI,Returned
384,2024-05-13,Hyderabad,Smartwatch,Electronics,1,30488,30488,Card,Returned
385,2024-04-23,Chennai,Keyboard,Accessories,4,57107,228428,Cash,Delivered
386,2024-06-06,Bangalore,Smartwatch,Electronics,1,21485,21485,Cash,Returned
387,2024-10-26,Chennai,Camera,Electronics,3,34015,102045,Cash,Returned
388,2024-04-07,Hyderabad,Mobile,Electronics,3,27114,81342,Card,Delivered
389,2024-08-24,Mumbai,Keyboard,Accessories,4,48025,192100,Cash,Returned
390,2024-11-20,Hyderabad,Tablet,Accessories,3,720,2160,NetBanking,Delivered
391,2024-03-14,Pune,Tablet,Accessories,4,63118,252472,Card,Cancelled
392,2024-10-21,Kolkata,Tablet,Accessories,1,43072,43072,NetBanking,Returned
393,2024-02-04,Delhi,Headphones,Accessories,4,62551,250204,Card,Cancelled
394,2024-09-21,Hyderabad,Headphones,Accessories,1,47187,47187,Cash,Returned
395,2024-11-04,Kolkata,Tablet,Accessories,5,30686,153430,UPI,Cancelled
396,2024-09-16,Jaipur,Tablet,Accessories,4,59434,237736,Cash,Cancelled
397,2024-02-13,Chennai,Tablet,Electronics,3,32580,97740,UPI,Returned
398,2024-11-19,Jaipur,Mobile,Electronics,3,63669,191007,NetBanking,Cancelled
399,2024-07-09,Kolkata,Tablet,Electronics,1,24873,24873,NetBanking,Delivered
400,2024-03-23,Pune,Camera,Electronics,3,27841,83523,NetBanking,Cancelled
401,2024-01-27,Pune,Mobile,Accessories,5,33090,165450,NetBanking,Delivered
402,2024-07-05,Chennai,Smartwatch,Accessories,3,11744,35232,Cash,Delivered
403,2024-11-21,Delhi,Keyboard,Electronics,3,40394,121182,Cash,Delivered
404,2024-10-27,Chennai,Mouse,Accessories,2,1061,2122,Cash,Delivered
405,2024-08-30,Chennai,Mouse,Accessories,3,24155,72465,Card,Returned
406,2024-10-18,Hyderabad,Mouse,Electronics,4,53492,213968,UPI,Cancelled
407,2024-05-28,Jaipur,Laptop,Accessories,3,52399,157197,Card,Cancelled
408,2024-08-28,Bangalore,Laptop,Electronics,2,49765,99530,NetBanking,Returned
409,2024-07-02,Delhi,Tablet,Electronics,5,46759,233795,NetBanking,Returned
410,2024-09-26,Jaipur,Smartwatch,Electronics,3,39378,118134,UPI,Cancelled
411,2024-08-26,Delhi,Laptop,Electronics,3,45186,135558,Cash,Returned
412,2024-07-18,Pune,Tablet,Electronics,1,18526,18526,Card,Delivered
413,2024-01-05,Pune,Keyboard,Accessories,2,29500,59000,NetBanking,Cancelled
414,2024-01-05,Chennai,Headphones,Accessories,3,45872,137616,Card,Delivered
415,2024-02-14,Mumbai,Camera,Accessories,1,57195,57195,NetBanking,Cancelled
416,2024-03-10,Jaipur,Headphones,Electronics,1,68964,68964,Card,Returned
417,2024-09-21,Pune,Headphones,Electronics,3,6982,20946,Card,Returned
418,2024-07-28,Jaipur,Headphones,Accessories,2,15939,31878,Cash,Returned
419,2024-05-16,Mumbai,Mobile,Electronics,2,36647,73294,UPI,Delivered
420,2024-08-18,Pune,Tablet,Accessories,3,8206,24618,NetBanking,Returned
421,2024-01-24,Delhi,Mouse,Accessories,4,8260,33040,NetBanking,Cancelled
422,2024-08-19,Pune,Keyboard,Accessories,5,50695,253475,NetBanking,Cancelled
423,2024-03-29,Mumbai,Keyboard,Electronics,2,54450,108900,NetBanking,Delivered
424,2024-01-25,Delhi,Keyboard,Electronics,4,1964,7856,Card,Returned
425,2024-05-07,Mumbai,Mouse,Accessories,2,3358,6716,Cash,Cancelled
426,2024-05-30,Chennai,Mouse,Accessories,2,64871,129742,UPI,Delivered
427,2024-01-31,Kolkata,Mouse,Accessories,1,55290,55290,NetBanking,Cancelled
428,2024-05-13,Kolkata,Mouse,Electronics,2,18141,36282,Cash,Returned
429,2024-09-04,Pune,Keyboard,Electronics,4,2473,9892,NetBanking,Cancelled
430,2024-05-10,Hyderabad,Tablet,Accessories,3,67451,202353,Cash,Cancelled
431,2024-01-02,Mumbai,Smartwatch,Accessories,4,40446,161784,Card,Delivered
432,2024-09-07,Jaipur,Laptop,Accessories,5,10945,54725,UPI,Delivered
433,2024-06-01,Bangalore,Camera,Accessories,1,547,547,Cash,Delivered
434,2024-02-22,Kolkata,Laptop,Electronics,5,57551,287755,NetBanking,Returned
435,2024-11-14,Kolkata,Tablet,Electronics,4,14948,59792,Card,Cancelled
436,2024-08-10,Jaipur,Laptop,Electronics,2,25507,51014,UPI,Returned
437,2024-06-01,Chennai,Smartwatch,Accessories,2,35541,71082,UPI,Cancelled
438,2024-02-02,Jaipur,Mouse,Electronics,3,54734,164202,Cash,Delivered
439,2024-09-19,Hyderabad,Camera,Electronics,3,60684,182052,NetBanking,Returned
440,2024-10-29,Pune,Keyboard,Electronics,2,25502,51004,NetBanking,Delivered
441,2024-11-20,Kolkata,Laptop,Accessories,2,16362,32724,NetBanking,Cancelled
442,2024-04-22,Mumbai,Laptop,Electronics,2,19449,38898,NetBanking,Cancelled
443,2024-07-27,Pune,Mouse,Accessories,2,36879,73758,NetBanking,Cancelled
444,2024-07-17,Bangalore,Smartwatch,Accessories,2,62115,124230,Cash,Cancelled
445,2024-01-27,Pune,Laptop,Electronics,3,10380,31140,UPI,Delivered
446,2024-06-15,Mumbai,Camera,Accessories,1,6208,6208,Card,Returned
447,2024-03-20,Kolkata,Keyboard,Accessories,5,34510,172550,Card,Returned
448,2024-01-07,Hyderabad,Tablet,Accessories,1,28880,28880,Cash,Cancelled
449,2024-01-08,Mumbai,Mouse,Accessories,3,50881,152643,NetBanking,Cancelled
450,2024-07-17,Bangalore,Smartwatch,Electronics,1,52224,52224,Cash,Cancelled
451,2024-04-21,Jaipur,Mouse,Electronics,4,28423,113692,NetBanking,Cancelled
452,2024-07-28,Mumbai,Tablet,Accessories,2,34039,68078,NetBanking,Cancelled
453,2024-09-08,Delhi,Camera,Accessories,4,10337,41348,Card,Returned
454,2024-11-20,Hyderabad,Mouse,Accessories,3,38017,114051,UPI,Returned
455,2024-08-24,Jaipur,Smartwatch,Electronics,5,35393,176965,UPI,Returned
456,2024-01-26,Hyderabad,Laptop,Accessories,2,59115,118230,Cash,Returned
457,2024-01-21,Kolkata,Smartwatch,Electronics,2,16382,32764,Card,Returned
458,2024-05-28,Chennai,Tablet,Accessories,1,26247,26247,Cash,Cancelled
459,2024-02-08,Chennai,Smartwatch,Electronics,4,40865,163460,NetBanking,Cancelled
460,2024-10-26,Chennai,Tablet,Accessories,5,35354,176770,Cash,Delivered
461,2024-02-16,Bangalore,Headphones,Electronics,1,38067,38067,Card,Cancelled
462,2024-08-15,Delhi,Mouse,Accessories,4,63253,253012,Card,Delivered
463,2024-07-19,Bangalore,Smartwatch,Electronics,4,29094,116376,Card,Returned
464,2024-06-12,Kolkata,Camera,Electronics,1,31187,31187,NetBanking,Cancelled
465,2024-05-03,Jaipur,Keyboard,Electronics,2,40060,80120,NetBanking,Cancelled
466,2024-01-04,Pune,Tablet,Electronics,3,16896,50688,Cash,Returned
467,2024-06-21,Kolkata,Mobile,Electronics,1,61596,61596,UPI,Cancelled
468,2024-07-28,Bangalore,Camera,Electronics,4,22837,91348,Card,Returned
469,2024-06-30,Pune,Tablet,Electronics,3,36287,108861,Card,Delivered
470,2024-01-01,Kolkata,Tablet,Electronics,3,35132,105396,Cash,Returned
471,2024-09-04,Delhi,Mobile,Electronics,2,12862,25724,UPI,Cancelled
472,2024-11-16,Chennai,Smartwatch,Electronics,5,46001,230005,UPI,Delivered
473,2024-08-05,Hyderabad,Mobile,Accessories,1,55885,55885,Card,Returned
474,2024-03-12,Jaipur,Camera,Electronics,4,850,3400,UPI,Delivered
475,2024-01-07,Hyderabad,Keyboard,Accessories,1,36204,36204,UPI,Delivered
476,2024-01-24,Pune,Laptop,Accessories,5,41539,207695,UPI,Cancelled
477,2024-03-29,Bangalore,Tablet,Electronics,2,67599,135198,Card,Cancelled
478,2024-02-23,Mumbai,Smartwatch,Electronics,1,47675,47675,NetBanking,Returned
479,2024-08-19,Bangalore,Mouse,Electronics,2,64249,128498,NetBanking,Delivered
480,2024-05-26,Delhi,Smartwatch,Accessories,5,11399,56995,UPI,Delivered
481,2024-07-02,Mumbai,Headphones,Electronics,1,40697,40697,UPI,Delivered
482,2024-02-24,Chennai,Tablet,Accessories,5,33245,166225,Card,Cancelled
483,2024-03-05,Mumbai,Mouse,Electronics,1,51677,51677,Cash,Returned
484,2024-11-19,Kolkata,Keyboard,Electronics,5,4035,20175,Cash,Cancelled
485,2024-09-16,Bangalore,Camera,Electronics,5,32733,163665,NetBanking,Delivered
486,2024-06-03,Kolkata,Tablet,Electronics,5,68002,340010,Card,Cancelled
487,2024-06-24,Mumbai,Tablet,Electronics,4,597,2388,UPI,Returned
488,2024-03-18,Delhi,Camera,Accessories,3,7537,22611,UPI,Returned
489,2024-02-04,Pune,Smartwatch,Accessories,4,64794,259176,Card,Returned
490,2024-09-19,Jaipur,Camera,Electronics,1,2061,2061,NetBanking,Delivered
491,2024-05-24,Chennai,Keyboard,Electronics,4,29133,116532,UPI,Delivered
492,2024-04-08,Mumbai,Laptop,Accessories,5,10563,52815,Card,Returned
493,2024-06-29,Jaipur,Camera,Accessories,4,20410,81640,NetBanking,Delivered
494,2024-06-18,Delhi,Smartwatch,Accessories,2,50851,101702,Card,Cancelled
495,2024-01-27,Jaipur,Smartwatch,Accessories,5,8541,42705,NetBanking,Returned
496,2024-08-11,Hyderabad,Mobile,Electronics,1,4976,4976,UPI,Cancelled
497,2024-06-11,Jaipur,Camera,Accessories,5,68643,343215,NetBanking,Delivered
498,2024-07-25,Jaipur,Mouse,Electronics,3,14957,44871,Card,Returned
499,2024-07-03,Mumbai,Laptop,Electronics,4,61583,246332,UPI,Cancelled
500,2024-05-05,Bangalore,Camera,Accessories,4,6433,25732,NetBanking,Returned
501,2024-01-19,Hyderabad,Mouse,Electronics,5,59022,295110,NetBanking,Cancelled
502,2024-10-14,Mumbai,Mouse,Accessories,5,38313,191565,Cash,Cancelled
503,2024-05-28,Pune,Mouse,Electronics,4,65414,261656,NetBanking,Returned
504,2024-07-02,Bangalore,Smartwatch,Accessories,5,22288,111440,UPI,Returned
505,2024-01-15,Pune,Camera,Accessories,5,34565,172825,Cash,Returned
506,2024-03-12,Pune,Mouse,Accessories,5,38958,194790,NetBanking,Cancelled
507,2024-03-05,Delhi,Laptop,Accessories,2,64663,129326,NetBanking,Cancelled
508,2024-04-19,Hyderabad,Headphones,Accessories,5,69065,345325,Card,Cancelled
509,2024-09-28,Hyderabad,Headphones,Accessories,4,25943,103772,NetBanking,Cancelled
510,2024-11-18,Jaipur,Keyboard,Accessories,2,24790,49580,Cash,Returned
511,2024-10-13,Kolkata,Keyboard,Accessories,5,56929,284645,NetBanking,Cancelled
512,2024-06-17,Kolkata,Camera,Accessories,2,33810,67620,NetBanking,Delivered
513,2024-07-17,Pune,Camera,Accessories,4,44367,177468,UPI,Cancelled
514,2024-06-28,Mumbai,Camera,Electronics,1,15160,15160,UPI,Cancelled
515,2024-05-25,Chennai,Smartwatch,Accessories,5,43681,218405,Cash,Cancelled
516,2024-05-31,Chennai,Camera,Accessories,3,54510,163530,NetBanking,Delivered
517,2024-10-25,Delhi,Headphones,Accessories,4,66139,264556,Card,Returned
518,2024-09-27,Delhi,Headphones,Accessories,3,62755,188265,Card,Delivered
519,2024-09-11,Delhi,Laptop,Electronics,3,29272,87816,UPI,Delivered
520,2024-07-04,Delhi,Mouse,Accessories,4,57254,229016,NetBanking,Delivered
521,2024-08-12,Kolkata,Headphones,Accessories,2,1330,2660,Card,Returned
522,2024-07-25,Delhi,Headphones,Accessories,1,20198,20198,Card,Delivered
523,2024-03-16,Chennai,Tablet,Electronics,3,33705,101115,Card,Cancelled
524,2024-11-23,Hyderabad,Tablet,Electronics,5,61022,305110,Cash,Delivered
525,2024-05-16,Hyderabad,Camera,Accessories,2,16440,32880,Card,Cancelled
526,2024-02-24,Hyderabad,Headphones,Accessories,4,67550,270200,UPI,Delivered
527,2024-04-28,Hyderabad,Headphones,Electronics,4,9825,39300,Card,Cancelled
528,2024-07-16,Mumbai,Keyboard,Accessories,4,2094,8376,Card,Cancelled
529,2024-01-23,Jaipur,Headphones,Electronics,4,52675,210700,Card,Delivered
530,2024-04-01,Bangalore,Mobile,Accessories,2,20459,40918,UPI,Returned
531,2024-02-02,Hyderabad,Mobile,Accessories,3,35142,105426,NetBanking,Cancelled
532,2024-06-26,Jaipur,Tablet,Electronics,5,14838,74190,UPI,Returned
533,2024-05-14,Bangalore,Laptop,Electronics,5,64476,322380,NetBanking,Returned
534,2024-02-28,Bangalore,Smartwatch,Accessories,4,68597,274388,UPI,Returned
535,2024-10-21,Jaipur,Smartwatch,Accessories,5,42399,211995,Card,Cancelled
536,2024-04-11,Delhi,Smartwatch,Accessories,1,31992,31992,UPI,Returned
537,2024-04-02,Chennai,Mobile,Electronics,1,48567,48567,NetBanking,Delivered
538,2024-01-02,Jaipur,Mouse,Electronics,5,30871,154355,NetBanking,Cancelled
539,2024-09-04,Kolkata,Keyboard,Accessories,4,59612,238448,NetBanking,Delivered
540,2024-01-21,Mumbai,Mouse,Accessories,2,42794,85588,Card,Cancelled
541,2024-05-11,Delhi,Keyboard,Accessories,5,30442,152210,UPI,Delivered
542,2024-11-15,Chennai,Laptop,Electronics,2,18788,37576,UPI,Cancelled
543,2024-05-29,Mumbai,Tablet,Electronics,1,9748,9748,NetBanking,Cancelled
544,2024-10-21,Bangalore,Tablet,Accessories,3,51312,153936,Cash,Delivered
545,2024-02-21,Delhi,Laptop,Electronics,5,40622,203110,Cash,Cancelled
546,2024-02-20,Delhi,Tablet,Accessories,2,33927,67854,Cash,Delivered
547,2024-07-20,Hyderabad,Tablet,Electronics,1,45507,45507,NetBanking,Cancelled
548,2024-08-27,Bangalore,Mouse,Accessories,2,66546,133092,Card,Cancelled
549,2024-08-31,Delhi,Camera,Electronics,4,63677,254708,Cash,Delivered
550,2024-08-27,Jaipur,Camera,Accessories,2,14268,28536,UPI,Returned
551,2024-05-12,Kolkata,Mouse,Electronics,2,54349,108698,Card,Delivered
552,2024-04-11,Pune,Mobile,Accessories,2,29360,58720,Card,Returned
553,2024-03-30,Bangalore,Tablet,Accessories,4,60099,240396,Cash,Cancelled
554,2024-09-16,Chennai,Keyboard,Electronics,5,56130,280650,UPI,Returned
555,2024-01-04,Mumbai,Mobile,Electronics,4,37409,149636,NetBanking,Delivered
556,2024-02-16,Kolkata,Headphones,Electronics,4,62324,249296,Card,Returned
557,2024-05-21,Hyderabad,Mobile,Electronics,5,3026,15130,Cash,Delivered
558,2024-06-18,Pune,Smartwatch,Accessories,5,67209,336045,Cash,Delivered
559,2024-10-07,Bangalore,Keyboard,Electronics,1,30839,30839,NetBanking,Returned
560,2024-10-16,Kolkata,Mouse,Accessories,2,25591,51182,UPI,Cancelled
561,2024-10-19,Mumbai,Smartwatch,Electronics,2,50934,101868,Card,Returned
562,2024-08-04,Hyderabad,Mobile,Accessories,3,41875,125625,Cash,Delivered
563,2024-09-20,Mumbai,Mobile,Electronics,3,11648,34944,NetBanking,Returned
564,2024-08-01,Jaipur,Mobile,Accessories,5,25166,125830,NetBanking,Cancelled
565,2024-09-26,Pune,Headphones,Accessories,1,18379,18379,UPI,Cancelled
566,2024-03-15,Mumbai,Tablet,Electronics,3,21427,64281,Card,Cancelled
567,2024-10-19,Hyderabad,Headphones,Electronics,2,68164,136328,Cash,Delivered
568,2024-05-08,Hyderabad,Mouse,Electronics,1,36319,36319,NetBanking,Returned
569,2024-06-29,Bangalore,Headphones,Accessories,1,36933,36933,NetBanking,Cancelled
570,2024-09-05,Mumbai,Smartwatch,Accessories,2,10912,21824,NetBanking,Delivered
571,2024-03-24,Hyderabad,Mobile,Electronics,4,47862,191448,NetBanking,Delivered
572,2024-05-12,Chennai,Mouse,Accessories,1,48391,48391,NetBanking,Returned
573,2024-10-08,Mumbai,Keyboard,Accessories,1,30042,30042,UPI,Delivered
574,2024-06-22,Chennai,Laptop,Accessories,1,14267,14267,UPI,Cancelled
575,2024-07-03,Delhi,Laptop,Accessories,2,53082,106164,UPI,Cancelled
576,2024-06-07,Kolkata,Camera,Electronics,5,57843,289215,UPI,Delivered
577,2024-01-03,Kolkata,Tablet,Accessories,4,5450,21800,Card,Cancelled
578,2024-03-03,Mumbai,Keyboard,Accessories,3,21730,65190,Card,Delivered
579,2024-03-24,Chennai,Laptop,Accessories,2,35312,70624,Cash,Returned
580,2024-01-25,Hyderabad,Mobile,Electronics,4,67973,271892,Cash,Cancelled
581,2024-08-21,Pune,Laptop,Accessories,5,33975,169875,Card,Cancelled
582,2024-01-16,Delhi,Camera,Accessories,5,43056,215280,Card,Returned
583,2024-03-22,Kolkata,Laptop,Accessories,4,31592,126368,NetBanking,Returned
584,2024-05-07,Delhi,Headphones,Accessories,2,28974,57948,UPI,Delivered
585,2024-07-27,Pune,Headphones,Electronics,5,13665,68325,Cash,Returned
586,2024-10-09,Kolkata,Smartwatch,Accessories,1,66961,66961,UPI,Delivered
587,2024-05-19,Pune,Smartwatch,Accessories,4,6837,27348,Card,Delivered
588,2024-07-17,Chennai,Headphones,Accessories,3,55297,165891,NetBanking,Cancelled
589,2024-06-25,Delhi,Smartwatch,Accessories,2,16172,32344,Cash,Cancelled
590,2024-06-25,Bangalore,Camera,Electronics,2,22967,45934,UPI,Returned
591,2024-05-12,Pune,Smartwatch,Electronics,3,40620,121860,NetBanking,Delivered
592,2024-10-05,Mumbai,Camera,Electronics,3,46877,140631,Cash,Delivered
593,2024-10-06,Delhi,Camera,Accessories,2,49286,98572,UPI,Cancelled
594,2024-09-21,Bangalore,Camera,Accessories,1,38984,38984,NetBanking,Cancelled
595,2024-11-18,Pune,Camera,Electronics,1,53500,53500,UPI,Returned
596,2024-07-18,Pune,Mouse,Accessories,2,22926,45852,Cash,Cancelled
597,2024-09-11,Hyderabad,Headphones,Accessories,3,60035,180105,NetBanking,Returned
598,2024-06-15,Chennai,Laptop,Electronics,5,19446,97230,Card,Returned
599,2024-03-05,Chennai,Laptop,Electronics,4,28494,113976,NetBanking,Cancelled
600,2024-11-22,Delhi,Keyboard,Electronics,4,16162,64648,UPI,Delivered
601,2024-03-01,Pune,Mouse,Electronics,5,9138,45690,Card,Cancelled
602,2024-02-16,Hyderabad,Mouse,Electronics,3,9536,28608,Card,Returned
603,2024-08-22,Hyderabad,Headphones,Accessories,1,39341,39341,Card,Cancelled
604,2024-02-11,Pune,Laptop,Electronics,2,41125,82250,Card,Delivered
605,2024-11-21,Bangalore,Tablet,Accessories,3,41629,124887,NetBanking,Returned
606,2024-03-19,Jaipur,Smartwatch,Electronics,5,29208,146040,Cash,Cancelled
607,2024-08-12,Bangalore,Mouse,Electronics,3,12390,37170,Card,Cancelled
608,2024-10-06,Hyderabad,Keyboard,Electronics,1,46102,46102,Card,Delivered
609,2024-03-20,Chennai,Mobile,Accessories,2,7169,14338,UPI,Cancelled
610,2024-11-13,Chennai,Laptop,Accessories,2,41021,82042,Card,Delivered
611,2024-10-19,Pune,Mouse,Accessories,5,26915,134575,Card,Cancelled
612,2024-01-10,Kolkata,Keyboard,Accessories,5,57450,287250,NetBanking,Cancelled
613,2024-09-13,Hyderabad,Tablet,Electronics,2,11238,22476,UPI,Returned
614,2024-05-21,Bangalore,Keyboard,Accessories,5,51478,257390,Card,Cancelled
615,2024-02-29,Pune,Keyboard,Electronics,1,48641,48641,UPI,Returned
616,2024-03-05,Mumbai,Keyboard,Accessories,3,54095,162285,Cash,Returned
617,2024-09-07,Bangalore,Headphones,Electronics,4,31760,127040,Cash,Cancelled
618,2024-05-23,Mumbai,Keyboard,Accessories,3,69257,207771,Card,Returned
619,2024-10-25,Kolkata,Laptop,Accessories,4,8990,35960,Cash,Returned
620,2024-10-30,Kolkata,Mouse,Accessories,1,40615,40615,UPI,Delivered
